iteration,gen,bestfitness,time
6.0,1.0,2.7739024377987045,9.3644700050354
6.0,2.0,2.708968337829925,10.117291688919067
6.0,3.0,2.544509044773254,10.14142107963562
6.0,4.0,2.104380357963058,10.410213470458984
6.0,5.0,1.989530927963501,10.493853330612183
6.0,6.0,1.967079941204501,10.613335609436035
6.0,7.0,1.8478254224102448,10.318116664886475
6.0,8.0,1.677070985952461,10.482543706893921
6.0,9.0,1.5480707051560525,10.684004783630371
6.0,10.0,1.106195262468614,10.372103929519653
6.0,11.0,1.0802644054224873,10.587848663330078
6.0,12.0,1.0514324586078134,10.730891704559326
6.0,13.0,0.9937485446144972,10.463984251022339
6.0,14.0,0.9916034915137925,10.547974348068237
6.0,15.0,0.8679601798982965,10.575983762741089
6.0,16.0,0.8584161476368221,10.51692247390747
6.0,17.0,0.7493002917801102,10.396864175796509
6.0,18.0,0.7493002917801102,10.811601161956787
6.0,19.0,0.7493002917801102,10.964781999588013
6.0,20.0,0.7493002917801102,10.768236875534058
6.0,21.0,0.6600483836801073,10.651528358459473
6.0,22.0,0.6497058374139753,10.876940250396729
6.0,23.0,0.644855462505153,10.910862445831299
6.0,24.0,0.543718056694686,10.604197978973389
6.0,25.0,0.5443667929128331,10.52449655532837
6.0,26.0,0.46677504672957304,10.760103940963745
6.0,27.0,0.4641197475349079,10.957829236984253
6.0,28.0,0.46359931194651277,10.75575590133667
6.0,29.0,0.4604907520185158,10.980138778686523
6.0,30.0,0.4597554821646942,10.644385814666748
6.0,31.0,0.45947131371318417,10.594510793685913
6.0,32.0,0.45377096201567535,10.879295587539673
6.0,33.0,0.4442349637084018,10.828299760818481
6.0,34.0,0.44087556990014065,10.80224609375
6.0,35.0,0.42956875871987804,10.709451913833618
6.0,36.0,0.42315264205556785,10.640916585922241
6.0,37.0,0.4165585111944344,10.691422700881958
6.0,38.0,0.41457505493152214,10.658500671386719
6.0,39.0,0.40258432962540625,10.915059566497803
6.0,40.0,0.38323486644463856,10.66743779182434
6.0,41.0,0.37570837117515066,10.770854234695435
6.0,42.0,0.3432053486290091,10.928240060806274
6.0,43.0,0.3195100248018558,10.769275188446045
6.0,44.0,0.3002859143625732,10.728520393371582
6.0,45.0,0.30011621773931785,10.669402837753296
6.0,46.0,0.30011513014148017,10.808601379394531
6.0,47.0,0.26648538079810513,11.06252384185791
6.0,48.0,0.2630517653983314,10.772402048110962
6.0,49.0,0.26292233948181165,11.028435707092285
6.0,50.0,0.26277653083559177,10.588433504104614
6.0,51.0,0.2626204441852237,10.646327495574951
6.0,52.0,0.26250649001886317,10.598606824874878
6.0,53.0,0.25938681749531606,10.678242206573486
6.0,54.0,0.25938681749531606,10.561516046524048
6.0,55.0,0.25938681749531606,10.706969738006592
6.0,56.0,0.25938681749531606,10.7357919216156
6.0,57.0,0.24970060425877666,10.610785484313965
6.0,58.0,0.24612383770314605,10.658279418945312
6.0,59.0,0.24585587585676824,10.673292398452759
6.0,60.0,0.2436656393514864,10.529942512512207
6.0,61.0,0.24165055796067622,10.854657649993896
6.0,62.0,0.2371383595215961,10.678316354751587
6.0,63.0,0.2371383595215961,10.666619777679443
6.0,64.0,0.23722248957238748,10.616436243057251
6.0,65.0,0.23722248957238748,10.759395360946655
6.0,66.0,0.23697733215572753,10.921454429626465
6.0,67.0,0.23697605052956647,10.803004503250122
6.0,68.0,0.23700716982719072,10.694948673248291
6.0,69.0,0.23700690111831582,10.988238334655762
6.0,70.0,0.23700696708055943,10.738945484161377
6.0,71.0,0.23602697959156252,10.757549047470093
6.0,72.0,0.23602697959156252,10.68086862564087
6.0,73.0,0.23530401145386748,10.762203931808472
6.0,74.0,0.23529896179441182,10.618435859680176
6.0,75.0,0.23410174533091557,10.706150531768799
6.0,76.0,0.2328025324494183,10.902278423309326
6.0,77.0,0.23258078118616207,10.60517430305481
6.0,78.0,0.2325098253118777,10.735128402709961
6.0,79.0,0.23244852983842546,10.730428695678711
6.0,80.0,0.23244852983842546,10.87962532043457
6.0,81.0,0.2324508714360699,10.838210105895996
6.0,82.0,0.23244064120253738,10.72378134727478
6.0,83.0,0.23177460551402634,10.673572063446045
6.0,84.0,0.23177460551402634,10.876383066177368
6.0,85.0,0.23170223212843621,10.517890453338623
6.0,86.0,0.2315643076880173,10.566812992095947
6.0,87.0,0.23136249931571812,10.679455995559692
6.0,88.0,0.2313720253095752,10.668033123016357
6.0,89.0,0.2314044668218761,10.731275081634521
6.0,90.0,0.2314039238423562,10.721615314483643
6.0,91.0,0.23140265274939034,11.10205602645874
6.0,92.0,0.23140222335723792,10.893606662750244
6.0,93.0,0.23140127319882314,10.719185829162598
6.0,94.0,0.231289461433148,10.7552809715271
6.0,95.0,0.23087651051112887,10.820531368255615
6.0,96.0,0.23091697960546415,10.588135242462158
6.0,97.0,0.23091697960546415,10.814941883087158
6.0,98.0,0.23092164205766555,10.624447107315063
6.0,99.0,0.23092257297785357,10.725757598876953
6.0,100.0,0.23088438703943037,10.666200160980225
12.0,1.0,2.7688286180589543,9.235116481781006
12.0,2.0,2.519155894947664,9.982125520706177
12.0,3.0,2.389224172156723,10.32136082649231
12.0,4.0,2.309064938766565,10.406331300735474
12.0,5.0,2.2315925810487975,10.459813117980957
12.0,6.0,1.9996356886566422,10.245331764221191
12.0,7.0,1.1938690057417805,10.333645820617676
12.0,8.0,0.7488685007945075,10.43691897392273
12.0,9.0,0.660002953880032,10.584511041641235
12.0,10.0,0.5192546271474633,10.571572065353394
12.0,11.0,0.4033832788366135,10.614781141281128
12.0,12.0,0.35088607880327016,10.604387283325195
12.0,13.0,0.33560442503208643,10.8677077293396
12.0,14.0,0.32053501930425626,10.560168981552124
12.0,15.0,0.32053501930425626,10.594860553741455
12.0,16.0,0.31262755659077457,10.73128628730774
12.0,17.0,0.3085256113176589,10.973038911819458
12.0,18.0,0.29896769842840626,10.643953800201416
12.0,19.0,0.2979069040355856,10.481298446655273
12.0,20.0,0.2977224237726646,10.609871864318848
12.0,21.0,0.24576955118457688,10.668911933898926
12.0,22.0,0.24576955118457688,10.836772441864014
12.0,23.0,0.23409463895633473,11.15870189666748
12.0,24.0,0.23316979345938382,10.728636026382446
12.0,25.0,0.22891274308046414,10.806979179382324
12.0,26.0,0.22913746321322204,10.766470432281494
12.0,27.0,0.2292511805128163,10.830557823181152
12.0,28.0,0.22925353577624627,10.8138747215271
12.0,29.0,0.22915371457728337,10.879952669143677
12.0,30.0,0.22919172752211137,10.854573488235474
12.0,31.0,0.2290603116594185,10.802237033843994
12.0,32.0,0.22905936134056287,10.768015146255493
12.0,33.0,0.2290433298660534,10.788110971450806
12.0,34.0,0.22902059012397102,10.865366697311401
12.0,35.0,0.22872621818087066,10.82018256187439
12.0,36.0,0.22872621818087066,10.66281270980835
12.0,37.0,0.2286866280423701,10.88826870918274
12.0,38.0,0.2286866280423701,10.8269362449646
12.0,39.0,0.2286928516001599,10.917001962661743
12.0,40.0,0.22869752063240148,10.671236515045166
12.0,41.0,0.22861643518494928,10.808651685714722
12.0,42.0,0.22861643518494928,10.90284276008606
12.0,43.0,0.22861636239691155,10.696741819381714
12.0,44.0,0.2286268027182734,10.731632947921753
12.0,45.0,0.2286268027182734,10.920278072357178
12.0,46.0,0.22860912981306275,10.906333446502686
12.0,47.0,0.22860912981306275,10.61616063117981
12.0,48.0,0.22860912981306275,10.885529041290283
12.0,49.0,0.22860912981306275,10.93001413345337
12.0,50.0,0.2286096277551191,10.790016412734985
12.0,51.0,0.2286096277551191,10.646909236907959
12.0,52.0,0.2284658210101641,10.692241668701172
12.0,53.0,0.2284438097002004,10.705968856811523
12.0,54.0,0.22842268400551904,10.90195107460022
12.0,55.0,0.22841581264832592,10.83089566230774
12.0,56.0,0.22839688587203955,10.584030151367188
12.0,57.0,0.22840099759286203,10.60581374168396
12.0,58.0,0.2284010282929458,10.793602705001831
12.0,59.0,0.2284010282929458,10.857121706008911
12.0,60.0,0.22840185555882142,10.684125423431396
12.0,61.0,0.22840188782498222,10.896536827087402
12.0,62.0,0.22840188782498222,10.821527481079102
12.0,63.0,0.22840188782498222,10.653510332107544
12.0,64.0,0.22840188782498222,10.564014911651611
12.0,65.0,0.2284019172909174,10.685239553451538
12.0,66.0,0.2284019175585746,10.944348096847534
12.0,67.0,0.22840191786909508,10.605010032653809
12.0,68.0,0.2284019181646492,10.819795608520508
12.0,69.0,0.22840191824019743,10.817859172821045
12.0,70.0,0.22840191825191627,10.614988565444946
12.0,71.0,0.22840191825191627,10.841464757919312
12.0,72.0,0.22840191825191627,10.778881549835205
12.0,73.0,0.22831154025298858,10.966285943984985
12.0,74.0,0.22831154025298858,10.576599836349487
12.0,75.0,0.22829826591188293,10.659949779510498
12.0,76.0,0.22829953854562807,10.724790573120117
12.0,77.0,0.22829954872260846,10.744629144668579
12.0,78.0,0.22804455746862867,10.652135372161865
12.0,79.0,0.22814204208226993,10.739589214324951
12.0,80.0,0.22814360511714715,10.737976551055908
12.0,81.0,0.22813358116810764,10.683766841888428
12.0,82.0,0.22813591353326587,10.787716150283813
12.0,83.0,0.22807978389759825,10.666773796081543
12.0,84.0,0.22807978389759825,10.773793458938599
12.0,85.0,0.22773692852418606,10.8309485912323
12.0,86.0,0.22773692852418606,10.651695013046265
12.0,87.0,0.22773692852418606,10.725958347320557
12.0,88.0,0.22773089319848472,10.66814923286438
12.0,89.0,0.22773038209191623,10.868037700653076
12.0,90.0,0.22773037007125094,10.866863012313843
12.0,91.0,0.22773037007125094,10.78366756439209
12.0,92.0,0.22773037087723455,10.926172494888306
12.0,93.0,0.22771418551304623,10.746857643127441
12.0,94.0,0.22771556808591667,11.085712194442749
12.0,95.0,0.22771563044811838,10.827285289764404
12.0,96.0,0.22771747041750245,10.733280658721924
12.0,97.0,0.22695875537104257,10.73231816291809
12.0,98.0,0.22677232197893166,10.719322443008423
12.0,99.0,0.22732269910916725,10.600223779678345
12.0,100.0,0.22732269910916725,10.684884548187256
9.0,1.0,2.7218642931824544,9.71338176727295
9.0,2.0,2.5105900249866098,10.271237850189209
9.0,3.0,2.4962832655145104,10.183712720870972
9.0,4.0,2.506477870805913,10.377062320709229
9.0,5.0,2.462364984885968,10.538942575454712
9.0,6.0,2.462364984885968,10.453025341033936
9.0,7.0,2.3683690396642136,10.552697896957397
9.0,8.0,2.360925538869683,10.493924617767334
9.0,9.0,2.3607500740305105,10.601310968399048
9.0,10.0,2.354450927717681,10.675095558166504
9.0,11.0,2.353524859145935,10.737364292144775
9.0,12.0,2.155230201811493,10.491711616516113
9.0,13.0,2.1550104530677183,10.670044898986816
9.0,14.0,2.1533613760538994,10.733608722686768
9.0,15.0,2.157190567636129,10.47532606124878
9.0,16.0,2.1309269519037706,10.755855798721313
9.0,17.0,2.129656670612555,10.57486343383789
9.0,18.0,2.128587855467636,10.651861190795898
9.0,19.0,2.048636403486217,10.402710437774658
9.0,20.0,2.044449445921643,10.68847942352295
9.0,21.0,2.0424985238482822,10.640403270721436
9.0,22.0,1.9885251761752187,10.669718503952026
9.0,23.0,1.9633442435452975,10.51556658744812
9.0,24.0,1.9159710713316251,10.881682634353638
9.0,25.0,1.8646668788767122,10.978524446487427
9.0,26.0,1.852783528482114,10.829882860183716
9.0,27.0,1.8462206713894738,10.833728790283203
9.0,28.0,1.8521340644033575,10.979983806610107
9.0,29.0,1.8525901757777719,10.881385326385498
9.0,30.0,1.836830466992012,10.643454790115356
9.0,31.0,1.8373728153358508,10.832443952560425
9.0,32.0,1.8013073925446552,10.695322513580322
9.0,33.0,1.797565212478927,10.877760887145996
9.0,34.0,1.7910543500637572,10.549944639205933
9.0,35.0,1.793594040055546,10.510447263717651
9.0,36.0,1.7915925214660537,10.771769523620605
9.0,37.0,1.76263631281654,10.633725881576538
9.0,38.0,1.74906218717472,10.727248907089233
9.0,39.0,1.7286750571051566,10.579130172729492
9.0,40.0,1.7212862884009095,10.917786598205566
9.0,41.0,1.7212862884009095,10.867122650146484
9.0,42.0,1.6548794486191498,10.855506181716919
9.0,43.0,1.6523178332950095,10.635277271270752
9.0,44.0,1.560594851775336,10.704877138137817
9.0,45.0,1.50384329361937,10.549782991409302
9.0,46.0,1.4507721918485377,10.726589441299438
9.0,47.0,1.4224451705621741,10.624959230422974
9.0,48.0,1.42042995239829,10.519211769104004
9.0,49.0,1.42042995239829,10.832696914672852
9.0,50.0,1.3651920914747209,10.803940534591675
9.0,51.0,1.316143638016804,10.589910745620728
9.0,52.0,1.3128598824459878,11.038666248321533
9.0,53.0,1.3128598824459878,10.910144329071045
9.0,54.0,1.0096140446532018,10.791418075561523
9.0,55.0,0.9567622784807229,10.757200956344604
9.0,56.0,0.9339040268259556,11.002326011657715
9.0,57.0,0.8531638555586205,10.740808010101318
9.0,58.0,0.8430305585490127,10.868887901306152
9.0,59.0,0.8480428485779504,11.067082643508911
9.0,60.0,0.6276268716112179,11.023072004318237
9.0,61.0,0.6063320789117814,11.093198776245117
9.0,62.0,0.48781472363169603,10.843154430389404
9.0,63.0,0.47402381998308285,10.925196409225464
9.0,64.0,0.44612128018871394,10.671210050582886
9.0,65.0,0.44165111818644537,10.787871599197388
9.0,66.0,0.43586289527494165,11.133339643478394
9.0,67.0,0.42778595946828,10.86901307106018
9.0,68.0,0.42775205449870835,10.67223072052002
9.0,69.0,0.42590087724707715,11.065651655197144
9.0,70.0,0.42590087724707715,10.770782232284546
9.0,71.0,0.36818485606774265,11.114070177078247
9.0,72.0,0.3688774154398404,10.750871181488037
9.0,73.0,0.36887741543984043,10.82101821899414
9.0,74.0,0.36887741543984043,11.009651184082031
9.0,75.0,0.36109662508005197,10.777583360671997
9.0,76.0,0.35850333804116674,10.780462741851807
9.0,77.0,0.35447149912389697,10.778281927108765
9.0,78.0,0.3548096878618356,10.940258741378784
9.0,79.0,0.3548096878618356,10.616663217544556
9.0,80.0,0.352128668122498,10.517003059387207
9.0,81.0,0.35212221597317206,10.705883264541626
9.0,82.0,0.3520946849367688,10.598081350326538
9.0,83.0,0.3508569051422877,10.616360902786255
9.0,84.0,0.3408119385909854,10.656111001968384
9.0,85.0,0.34081193859098535,10.54789400100708
9.0,86.0,0.31610338639097835,10.75233507156372
9.0,87.0,0.28633996561590175,10.616304397583008
9.0,88.0,0.2801302446677457,10.685004711151123
9.0,89.0,0.28195421398733794,11.015775680541992
9.0,90.0,0.26698393565834827,10.6141517162323
9.0,91.0,0.258126011811591,10.668026208877563
9.0,92.0,0.25245857773880004,10.875555753707886
9.0,93.0,0.2464852362143478,10.632108449935913
9.0,94.0,0.24315503856090287,10.686688423156738
9.0,95.0,0.24129847829938353,10.756033420562744
9.0,96.0,0.24113353234884183,10.955093145370483
9.0,97.0,0.24113353234884183,10.912099123001099
9.0,98.0,0.23415800767027015,10.822022199630737
9.0,99.0,0.23141146774085555,10.981958866119385
9.0,100.0,0.23141146774085555,10.963150978088379
15.0,1.0,2.518458614406505,9.408670902252197
15.0,2.0,2.5203412911742187,10.482855796813965
15.0,3.0,2.520332565581534,10.313535928726196
15.0,4.0,2.421559638929904,10.408630132675171
15.0,5.0,2.3724372159865865,10.487526416778564
15.0,6.0,2.3495963910511617,10.465095281600952
15.0,7.0,2.3210676334109595,10.514718055725098
15.0,8.0,2.3248223234952885,10.546924829483032
15.0,9.0,2.2378824728368953,10.586893320083618
15.0,10.0,2.231277179095657,10.595579385757446
15.0,11.0,2.2231357278605715,10.75904393196106
15.0,12.0,2.2210819188992317,10.698303937911987
15.0,13.0,2.2221354516949354,10.676098108291626
15.0,14.0,2.1682859298443393,10.62758755683899
15.0,15.0,2.1682859298443393,10.49458646774292
15.0,16.0,2.1270162096679646,10.730792760848999
15.0,17.0,2.092300061652554,10.62661623954773
15.0,18.0,2.083611583686652,10.613661289215088
15.0,19.0,2.086043141158308,10.554569482803345
15.0,20.0,2.0859872817282423,10.865164041519165
15.0,21.0,2.0849931885500386,10.665285110473633
15.0,22.0,2.075188843054496,10.427490949630737
15.0,23.0,2.075188843054496,10.520809412002563
15.0,24.0,2.075188843054496,10.837969541549683
15.0,25.0,2.075199911403177,10.736918926239014
15.0,26.0,2.075227904525289,10.822759628295898
15.0,27.0,2.0752310580884843,10.839973211288452
15.0,28.0,2.0752310580884843,10.657618999481201
15.0,29.0,2.0752343378638094,10.847007274627686
15.0,30.0,2.0752371173183897,10.757253408432007
15.0,31.0,2.0752371368952556,11.106846809387207
15.0,32.0,2.0752372500613223,10.658161401748657
15.0,33.0,2.0752372500613223,10.680084228515625
15.0,34.0,2.0752372500613223,10.723105669021606
15.0,35.0,2.0752372506477808,10.778079748153687
15.0,36.0,2.0752372506477808,10.984181880950928
15.0,37.0,2.075237251474894,10.646925449371338
15.0,38.0,2.0654111901749355,10.932823181152344
15.0,39.0,2.0356582294429146,10.584239721298218
15.0,40.0,2.0369546011204203,10.669772386550903
15.0,41.0,2.035879546505336,10.988387107849121
15.0,42.0,2.0248866312014857,10.988296747207642
15.0,43.0,2.024515077124193,10.832613706588745
15.0,44.0,2.006611050060652,10.775826454162598
15.0,45.0,2.005850106332414,11.125681400299072
15.0,46.0,1.978237756238824,11.027704954147339
15.0,47.0,1.9760422432149558,10.952587127685547
15.0,48.0,1.9735350670605665,10.628830432891846
15.0,49.0,1.9479811803223668,10.50204086303711
15.0,50.0,1.9361492078712788,10.922536611557007
15.0,51.0,1.9341421085230168,10.739329814910889
15.0,52.0,1.8912249391807678,10.76823091506958
15.0,53.0,1.8919802124994054,10.706233024597168
15.0,54.0,1.8923269110924599,10.68141484260559
15.0,55.0,1.8906817239012494,10.716100692749023
15.0,56.0,1.8906817239012494,10.849808931350708
15.0,57.0,1.8905988543531793,10.682922124862671
15.0,58.0,1.8906659375943413,10.917322397232056
15.0,59.0,1.890659429166301,10.998286008834839
15.0,60.0,1.890659429166301,10.808853149414062
15.0,61.0,1.8906623062810393,10.997604608535767
15.0,62.0,1.8906627940175127,10.780745267868042
15.0,63.0,1.890662852849046,10.797816753387451
15.0,64.0,1.890662852849046,10.51184868812561
15.0,65.0,1.890662852849046,10.777547121047974
15.0,66.0,1.8906298690047674,10.988078594207764
15.0,67.0,1.890635493232533,10.998374462127686
15.0,68.0,1.8901515466529133,10.725611209869385
15.0,69.0,1.8901507940321602,10.651211023330688
15.0,70.0,1.8901507940321602,10.9073326587677
15.0,71.0,1.8901507940321602,11.024790048599243
15.0,72.0,1.8901507940321602,10.889758110046387
15.0,73.0,1.8901507940321602,10.792185544967651
15.0,74.0,1.890150941779422,10.685437202453613
15.0,75.0,1.8901509475942828,10.682288408279419
15.0,76.0,1.8700054836162254,10.71779727935791
15.0,77.0,1.8700054836162254,11.084309101104736
15.0,78.0,1.870005483616225,10.71862506866455
15.0,79.0,1.870005483616225,10.7924964427948
15.0,80.0,1.870005483616225,10.806881666183472
15.0,81.0,1.870005483616225,10.738404750823975
15.0,82.0,1.8700054836162254,10.702052354812622
15.0,83.0,1.8700054836162254,10.84988784790039
15.0,84.0,1.8700054836162254,10.973261833190918
15.0,85.0,1.8700055407549332,10.83353328704834
15.0,86.0,1.8700056038039166,10.905731916427612
15.0,87.0,1.8700056824089915,10.950936079025269
15.0,88.0,1.8700056824089915,10.99083161354065
15.0,89.0,1.8700056828175875,10.911144018173218
15.0,90.0,1.851976424930656,11.039602518081665
15.0,91.0,1.8524949693863069,10.71026086807251
15.0,92.0,1.8539434225307918,11.198000431060791
15.0,93.0,1.8539434225307918,10.602723121643066
15.0,94.0,1.853943422530792,10.904584884643555
15.0,95.0,1.8541258137861554,10.596783638000488
15.0,96.0,1.8541258137861554,10.590444564819336
15.0,97.0,1.854128449280756,10.761778354644775
15.0,98.0,1.8541284573314554,10.937229871749878
15.0,99.0,1.8541284573314554,10.780305624008179
15.0,100.0,1.8541284573314554,10.980465412139893
1.0,1.0,2.78482952940526,9.40984845161438
1.0,2.0,2.742458126053017,10.003477573394775
1.0,3.0,2.5397163465311343,10.35551643371582
1.0,4.0,2.4314835712901326,10.225271940231323
1.0,5.0,2.3619113653347332,10.28751254081726
1.0,6.0,2.2816915675159763,10.340843439102173
1.0,7.0,2.276952514987964,10.559333086013794
1.0,8.0,2.1480114801439716,10.55719804763794
1.0,9.0,2.0533938075039497,10.673590660095215
1.0,10.0,1.7525583427277693,10.912950992584229
1.0,11.0,1.586719839333411,10.750571727752686
1.0,12.0,1.586719839333411,10.638950109481812
1.0,13.0,1.5725196663480434,10.663235425949097
1.0,14.0,1.5476432450048454,10.700346946716309
1.0,15.0,1.5115172015439553,10.556926488876343
1.0,16.0,1.406462349295367,10.8602135181427
1.0,17.0,1.2300831105596415,10.610104084014893
1.0,18.0,1.190203194612344,10.596983194351196
1.0,19.0,1.0921258335260033,10.749505043029785
1.0,20.0,1.079876059862803,10.746059894561768
1.0,21.0,0.9714786908419498,10.865628004074097
1.0,22.0,0.9714786908419498,10.860520124435425
1.0,23.0,0.9696893375131521,10.732516527175903
1.0,24.0,0.9140321625431282,10.828757762908936
1.0,25.0,0.8702166485208127,10.649728298187256
1.0,26.0,0.8365533944114814,10.899794578552246
1.0,27.0,0.8020878990472562,10.789223909378052
1.0,28.0,0.7909474622105485,11.108305931091309
1.0,29.0,0.7737279876962421,10.698495626449585
1.0,30.0,0.7160972362579754,10.807758092880249
1.0,31.0,0.6055034631797617,10.797263860702515
1.0,32.0,0.5241345522954919,10.634320259094238
1.0,33.0,0.5155977478418438,10.585744380950928
1.0,34.0,0.4544801054607365,10.641347646713257
1.0,35.0,0.41610731962458136,10.907805442810059
1.0,36.0,0.4130153309527706,10.760365724563599
1.0,37.0,0.4058646845027118,10.764785766601562
1.0,38.0,0.36024559469706535,11.040054321289062
1.0,39.0,0.32126874269947997,10.896689653396606
1.0,40.0,0.32301901170089453,10.862691402435303
1.0,41.0,0.32301901170089453,10.87342643737793
1.0,42.0,0.3253170625812448,10.936863422393799
1.0,43.0,0.3022634291161697,10.865920543670654
1.0,44.0,0.28565648343732375,10.858561515808105
1.0,45.0,0.27853088117053276,10.730240106582642
1.0,46.0,0.2779256972261611,11.010581254959106
1.0,47.0,0.27598025081120325,10.71838665008545
1.0,48.0,0.2505351953475638,10.751049280166626
1.0,49.0,0.25249592390529846,10.711509704589844
1.0,50.0,0.2550690820345474,10.813195705413818
1.0,51.0,0.25513839586110537,10.91187071800232
1.0,52.0,0.2545015918028277,11.195923566818237
1.0,53.0,0.2511816616110403,10.645644664764404
1.0,54.0,0.2461126092564193,10.672791957855225
1.0,55.0,0.24561846621403371,10.964126348495483
1.0,56.0,0.24401637267335438,10.921939611434937
1.0,57.0,0.24139858721937432,10.763386011123657
1.0,58.0,0.24135225540334107,10.79018521308899
1.0,59.0,0.24103035984766139,10.917649269104004
1.0,60.0,0.24121674459595777,10.555719375610352
1.0,61.0,0.23916016049188216,11.101484298706055
1.0,62.0,0.23437106889815232,10.751284122467041
1.0,63.0,0.2344054837186057,10.581942558288574
1.0,64.0,0.23425902058714804,10.932526588439941
1.0,65.0,0.23426665659202486,10.877442121505737
1.0,66.0,0.23426661553840097,10.962849378585815
1.0,67.0,0.23414716528583818,10.889444589614868
1.0,68.0,0.23414785273940977,10.796066761016846
1.0,69.0,0.23414785273940977,10.511486053466797
1.0,70.0,0.23414785273940977,10.741505146026611
1.0,71.0,0.23080888996960455,10.9728844165802
1.0,72.0,0.22933059758033217,11.032914400100708
1.0,73.0,0.2291336103251118,11.13201355934143
1.0,74.0,0.2291336103251118,10.755139827728271
1.0,75.0,0.22908134637284258,10.555339574813843
1.0,76.0,0.22874650590083767,10.895967960357666
1.0,77.0,0.2276375824055316,10.731327295303345
1.0,78.0,0.22770593346358808,10.833895921707153
1.0,79.0,0.22770593346358808,10.944772958755493
1.0,80.0,0.22768435011625374,10.521755456924438
1.0,81.0,0.2276852829313516,10.635981798171997
1.0,82.0,0.22538178460309366,10.725963592529297
1.0,83.0,0.22500129939606223,10.804419755935669
1.0,84.0,0.2248875794571299,10.64568305015564
1.0,85.0,0.22332202382461264,10.620352745056152
1.0,86.0,0.224412189258611,10.80740237236023
1.0,87.0,0.22364433263204986,10.718345642089844
1.0,88.0,0.22361552913934635,11.018069505691528
1.0,89.0,0.22364369030658635,10.779410600662231
1.0,90.0,0.22332106965749934,10.834601402282715
1.0,91.0,0.22277440026115203,10.917994976043701
1.0,92.0,0.22277440026115203,10.875823259353638
1.0,93.0,0.2227528243904679,11.417908668518066
1.0,94.0,0.22270406353389513,11.1874098777771
1.0,95.0,0.22270742680371572,10.656315326690674
1.0,96.0,0.22112336408911543,10.72080683708191
1.0,97.0,0.22113351661501027,10.731372594833374
1.0,98.0,0.22090396763884668,10.855530500411987
1.0,99.0,0.22056315917312297,10.88378119468689
1.0,100.0,0.22055654143439057,10.689676284790039
13.0,1.0,2.8471741332625253,9.724403142929077
13.0,2.0,2.795899454186959,10.026332139968872
13.0,3.0,2.6559693703787044,10.314896821975708
13.0,4.0,2.397672118133227,10.348320007324219
13.0,5.0,2.4229749777512675,10.540935516357422
13.0,6.0,2.422317914506287,10.558699131011963
13.0,7.0,2.4136052061940525,10.552250862121582
13.0,8.0,2.4104096885139006,10.58794116973877
13.0,9.0,2.4254963332554103,10.59470510482788
13.0,10.0,2.3947123831774393,10.696828365325928
13.0,11.0,2.394313816859483,10.699565410614014
13.0,12.0,2.379942704173749,10.782757997512817
13.0,13.0,2.379903932640868,11.013364315032959
13.0,14.0,2.363770301330529,10.65476393699646
13.0,15.0,2.3692101195472284,11.005858182907104
13.0,16.0,2.3595102124309832,10.873513460159302
13.0,17.0,2.3502875136644277,10.626283407211304
13.0,18.0,2.348657736845426,10.687875986099243
13.0,19.0,2.3433870980529505,10.865747690200806
13.0,20.0,2.3422000593926775,10.670854091644287
13.0,21.0,2.342050409764502,10.62327527999878
13.0,22.0,2.3419241494526384,10.596543788909912
13.0,23.0,2.3275646755838157,10.667818784713745
13.0,24.0,2.307414901484719,10.801531076431274
13.0,25.0,2.307298491697539,10.546314477920532
13.0,26.0,2.3067745454474693,10.819833040237427
13.0,27.0,2.3069906997355307,10.776346921920776
13.0,28.0,2.3071617905949595,10.702181100845337
13.0,29.0,2.3063728173220257,11.060618877410889
13.0,30.0,2.3063728173220257,10.72450590133667
13.0,31.0,2.3063755581748113,10.78931999206543
13.0,32.0,2.3063802022915953,10.731425523757935
13.0,33.0,2.30638094999437,10.962738513946533
13.0,34.0,2.3063812167502866,10.941999673843384
13.0,35.0,2.306382560315175,11.106584787368774
13.0,36.0,2.3063827829711134,10.791004419326782
13.0,37.0,2.3063827832427073,10.618472337722778
13.0,38.0,2.306382784165774,10.80491590499878
13.0,39.0,2.306382784165774,10.992440700531006
13.0,40.0,2.3063827842703932,10.773008108139038
13.0,41.0,2.306382784524887,10.817129850387573
13.0,42.0,2.2950584869965125,10.910578489303589
13.0,43.0,2.295058486996513,10.76364541053772
13.0,44.0,2.2951170839308004,10.66757607460022
13.0,45.0,2.295365991461026,10.936903715133667
13.0,46.0,2.2877313644504174,10.7360098361969
13.0,47.0,2.287695258761096,11.06313157081604
13.0,48.0,2.2876979626778517,10.623340606689453
13.0,49.0,2.2876800900709506,10.963948011398315
13.0,50.0,2.287641876432991,10.777690410614014
13.0,51.0,2.2876485885890294,10.903818130493164
13.0,52.0,2.2700062293316448,10.772383451461792
13.0,53.0,2.269941656185404,10.626508235931396
13.0,54.0,2.270164027069169,10.677651405334473
13.0,55.0,2.2688928677127596,10.938421726226807
13.0,56.0,2.2645573969280264,10.771556377410889
13.0,57.0,2.264162107833085,10.811820983886719
13.0,58.0,2.263477595803882,10.93568229675293
13.0,59.0,2.2634921477233645,10.902703762054443
13.0,60.0,2.263493200175054,10.857025146484375
13.0,61.0,2.263498654568231,11.011900901794434
13.0,62.0,2.263498654568231,10.908463954925537
13.0,63.0,2.2634911772516384,10.923793315887451
13.0,64.0,2.2634911772516384,10.933103084564209
13.0,65.0,2.2634911772516384,10.903737306594849
13.0,66.0,2.2559586561409075,11.01906967163086
13.0,67.0,2.255958656140907,10.794737100601196
13.0,68.0,2.255958656140907,11.017400741577148
13.0,69.0,2.255958656140907,10.89658522605896
13.0,70.0,2.255958656140907,10.647915124893188
13.0,71.0,2.255958656140907,10.712680101394653
13.0,72.0,2.2559586561409075,10.700934886932373
13.0,73.0,2.2559586561409075,10.992276668548584
13.0,74.0,2.255958656140907,10.628304481506348
13.0,75.0,2.2509157215553652,10.687817335128784
13.0,76.0,2.2513720359886955,10.765574932098389
13.0,77.0,2.2544125211250723,10.765981197357178
13.0,78.0,2.2544125211250723,10.815290451049805
13.0,79.0,2.255898051455378,10.68502402305603
13.0,80.0,2.255898051455378,10.72257947921753
13.0,81.0,2.255898051455378,10.67066240310669
13.0,82.0,2.255958656140907,10.764555215835571
13.0,83.0,2.2553009384869207,10.859104633331299
13.0,84.0,2.2553018534004106,10.832241773605347
13.0,85.0,2.255385274989495,11.201654434204102
13.0,86.0,2.255385274989495,10.771520614624023
13.0,87.0,2.2553871935722025,10.832871198654175
13.0,88.0,2.2553887522693215,10.79246187210083
13.0,89.0,2.2553887522693215,10.78852367401123
13.0,90.0,2.2522890824167603,10.927467823028564
13.0,91.0,2.2521816882432506,10.84322214126587
13.0,92.0,2.2521816882432506,10.7221040725708
13.0,93.0,2.2521798352242737,10.64292025566101
13.0,94.0,2.2521747319405185,10.864748239517212
13.0,95.0,2.2521743265097807,10.64201045036316
13.0,96.0,2.2432943582549085,10.836970567703247
13.0,97.0,2.2374970563655032,10.825424909591675
13.0,98.0,2.237046080356539,10.719507217407227
13.0,99.0,2.236172488163748,10.875893115997314
13.0,100.0,2.2357922274924222,10.740126609802246
7.0,1.0,2.783911526404378,9.60425615310669
7.0,2.0,2.7256878803792004,10.108305215835571
7.0,3.0,2.6719555930093173,10.363948583602905
7.0,4.0,2.648854263064839,10.33348298072815
7.0,5.0,2.6125745906384954,10.668566942214966
7.0,6.0,2.6121605323590273,10.710901975631714
7.0,7.0,2.5745026784623355,10.640403032302856
7.0,8.0,2.564416730717949,10.556678533554077
7.0,9.0,2.5631702733287574,10.637909889221191
7.0,10.0,2.563393526525578,10.684752941131592
7.0,11.0,2.5627650941112514,10.73809003829956
7.0,12.0,2.5564682608887073,10.928893089294434
7.0,13.0,2.544467287679147,10.810676574707031
7.0,14.0,2.537413857128145,10.434937953948975
7.0,15.0,2.5366721058265407,10.630070924758911
7.0,16.0,2.5366721058265407,10.791889429092407
7.0,17.0,2.5336322168645284,10.837273120880127
7.0,18.0,2.5351227662843923,10.789604663848877
7.0,19.0,2.53034439149834,10.446937799453735
7.0,20.0,2.527273662709002,10.863171577453613
7.0,21.0,2.5139430907881146,10.810184240341187
7.0,22.0,2.507872534655395,10.63036060333252
7.0,23.0,2.5051476121397007,10.460792303085327
7.0,24.0,2.5049144627927227,10.710391283035278
7.0,25.0,2.5048975463870082,10.767648220062256
7.0,26.0,2.504371056422358,10.661281108856201
7.0,27.0,2.504282995997003,10.77529263496399
7.0,28.0,2.504266158569588,10.77038025856018
7.0,29.0,2.483858334246482,10.74849247932434
7.0,30.0,2.469032966528731,10.967932939529419
7.0,31.0,2.4536161857937193,10.88955569267273
7.0,32.0,2.4565040708298826,10.61642599105835
7.0,33.0,2.453299835488611,10.996283054351807
7.0,34.0,2.393440997309946,10.765894412994385
7.0,35.0,2.3924712695208865,10.950460195541382
7.0,36.0,2.390975439539549,10.978404998779297
7.0,37.0,2.3893200735344102,11.119616746902466
7.0,38.0,2.3893200735344102,10.979917526245117
7.0,39.0,2.3900741480954446,11.021316289901733
7.0,40.0,2.3876716456332665,10.817099809646606
7.0,41.0,2.3876055360841884,10.883475542068481
7.0,42.0,2.3876065149166776,11.047757863998413
7.0,43.0,2.3876075665628393,10.78144097328186
7.0,44.0,2.387611017381162,10.650095224380493
7.0,45.0,2.3766804656261464,10.797874450683594
7.0,46.0,2.373348187360963,10.82776165008545
7.0,47.0,2.3732986930250153,10.797659397125244
7.0,48.0,2.3732986930250153,10.80245065689087
7.0,49.0,2.3722140333664252,10.671212434768677
7.0,50.0,2.3721133594112804,10.828246593475342
7.0,51.0,2.372104695110787,11.082555055618286
7.0,52.0,2.37210497205891,10.777984619140625
7.0,53.0,2.3611690076004295,10.873950958251953
7.0,54.0,2.3618716296434816,11.03343915939331
7.0,55.0,2.361884072200743,10.89482045173645
7.0,56.0,2.361884072200743,10.993803977966309
7.0,57.0,2.361884072200743,10.876147031784058
7.0,58.0,2.3618856624132882,10.930770874023438
7.0,59.0,2.3618856624132882,11.047524452209473
7.0,60.0,2.361886238736518,10.8053617477417
7.0,61.0,2.3618862387365183,10.551506042480469
7.0,62.0,2.3618893907212506,10.801296710968018
7.0,63.0,2.361891146094497,10.969942092895508
7.0,64.0,2.36189161610299,10.796839714050293
7.0,65.0,2.36189161610299,10.917587995529175
7.0,66.0,2.36189161610299,10.872310638427734
7.0,67.0,2.36189161610299,11.241126298904419
7.0,68.0,2.36189161610299,10.87630319595337
7.0,69.0,2.36189161610299,10.974721670150757
7.0,70.0,2.36189161610299,11.005067110061646
7.0,71.0,2.3581271558694583,10.651208639144897
7.0,72.0,2.3576806958909144,10.667675733566284
7.0,73.0,2.357575795304477,10.56053113937378
7.0,74.0,2.3575371093764614,10.661013841629028
7.0,75.0,2.3575330053046444,10.7501962184906
7.0,76.0,2.3575341556592497,10.736146926879883
7.0,77.0,2.357526429659654,10.7664635181427
7.0,78.0,2.357526429659654,10.780264616012573
7.0,79.0,2.3575265086771444,10.65219235420227
7.0,80.0,2.357526515105265,10.860763311386108
7.0,81.0,2.357526514902362,10.81928300857544
7.0,82.0,2.3575265119056623,11.05396556854248
7.0,83.0,2.3575265119056623,11.000324487686157
7.0,84.0,2.357526509810502,10.919713497161865
7.0,85.0,2.357526509810502,10.651979923248291
7.0,86.0,2.357526509873523,10.774333000183105
7.0,87.0,2.3495270197507754,11.13270354270935
7.0,88.0,2.3501536297667847,10.682292222976685
7.0,89.0,2.349332840947109,10.685019969940186
7.0,90.0,2.3493362532734086,10.948995590209961
7.0,91.0,2.3450867094095234,10.849514722824097
7.0,92.0,2.3350728802899954,10.962518215179443
7.0,93.0,2.3350164911498923,10.789368629455566
7.0,94.0,2.3350164911498923,10.845148086547852
7.0,95.0,2.334999410688641,11.041442632675171
7.0,96.0,2.334998919736865,11.1901113986969
7.0,97.0,2.3349994981199167,10.93863582611084
7.0,98.0,2.334999632574136,11.061782836914062
7.0,99.0,2.334999322462209,11.148320436477661
7.0,100.0,2.3349993545854284,10.935422897338867
4.0,1.0,2.745288393658514,10.006102085113525
4.0,2.0,2.727292606319465,10.05602502822876
4.0,3.0,2.697848057258464,10.226399898529053
4.0,4.0,2.6985031888383784,10.39530634880066
4.0,5.0,2.6974433740322663,10.63589096069336
4.0,6.0,2.696291138677372,10.520542860031128
4.0,7.0,2.6339268556243765,10.34207010269165
4.0,8.0,2.559823475751928,10.676039457321167
4.0,9.0,2.559823475751928,10.601374387741089
4.0,10.0,2.5248596743284826,10.60066294670105
4.0,11.0,2.5079179921761234,10.620166063308716
4.0,12.0,2.5013508790385974,10.555339097976685
4.0,13.0,2.499126316553682,10.758459329605103
4.0,14.0,2.499948100405347,10.783852338790894
4.0,15.0,2.496605140388131,10.718590497970581
4.0,16.0,2.496605140388131,10.59073543548584
4.0,17.0,2.497882216213883,10.695841789245605
4.0,18.0,2.498040999368326,10.695080041885376
4.0,19.0,2.498306597709112,10.592352390289307
4.0,20.0,2.498306597709112,10.625363111495972
4.0,21.0,2.493529220312271,10.86889100074768
4.0,22.0,2.473623109395399,10.642852067947388
4.0,23.0,2.473623109395399,10.517029762268066
4.0,24.0,2.4735685969278185,10.75241494178772
4.0,25.0,2.473623109395399,10.972012281417847
4.0,26.0,2.470730540084823,10.888479948043823
4.0,27.0,2.4681860058882092,10.794584512710571
4.0,28.0,2.4685206084627085,10.603343963623047
4.0,29.0,2.468447066368398,10.969019889831543
4.0,30.0,2.4684850291009814,11.125162124633789
4.0,31.0,2.4684797477356883,10.956877708435059
4.0,32.0,2.4684464343394477,10.700401544570923
4.0,33.0,2.4684283558445053,10.831747055053711
4.0,34.0,2.468431345688356,10.803920030593872
4.0,35.0,2.4684267924431853,10.909230947494507
4.0,36.0,2.466773034703222,10.523677349090576
4.0,37.0,2.4667810414704725,10.766350746154785
4.0,38.0,2.466801363171449,11.00753378868103
4.0,39.0,2.466822265233091,11.113149166107178
4.0,40.0,2.466822265233091,11.003138065338135
4.0,41.0,2.4669109488158925,10.902265548706055
4.0,42.0,2.4669118987953444,10.77478837966919
4.0,43.0,2.4669118987953444,10.768710374832153
4.0,44.0,2.466912326346228,10.777644395828247
4.0,45.0,2.4669123773328643,10.884000778198242
4.0,46.0,2.46691239144606,10.919288873672485
4.0,47.0,2.4669124014786816,10.952538251876831
4.0,48.0,2.4669124014786816,10.766167640686035
4.0,49.0,2.4669124014786816,10.740923404693604
4.0,50.0,2.4669124025192977,10.992016077041626
4.0,51.0,2.4669124026965705,11.058089971542358
4.0,52.0,2.4669124026965705,10.74375319480896
4.0,53.0,2.466912402703183,10.909491777420044
4.0,54.0,2.466912402703183,10.814809083938599
4.0,55.0,2.466912402703183,10.85241174697876
4.0,56.0,2.466912402703183,11.288931369781494
4.0,57.0,2.4669124027031826,10.78916311264038
4.0,58.0,2.4669124027031826,10.807988166809082
4.0,59.0,2.4669124027031826,10.670477151870728
4.0,60.0,2.4669124027031826,10.777783393859863
4.0,61.0,2.4669124027031826,10.789628028869629
4.0,62.0,2.466912402703183,10.97538709640503
4.0,63.0,2.466912402703183,10.883331298828125
4.0,64.0,2.466912402703183,10.891108274459839
4.0,65.0,2.466912402703183,10.91897439956665
4.0,66.0,2.466912402703183,11.021903991699219
4.0,67.0,2.466912402703183,11.167790174484253
4.0,68.0,2.466912402703183,11.007632970809937
4.0,69.0,2.466912402703183,10.823169946670532
4.0,70.0,2.466912402703183,10.875350952148438
4.0,71.0,2.466912402703183,11.10060715675354
4.0,72.0,2.466912402703183,10.80748724937439
4.0,73.0,2.466912402703183,10.917114496231079
4.0,74.0,2.466912402703183,10.980978727340698
4.0,75.0,2.466912402703183,10.799766778945923
4.0,76.0,2.466912402703183,10.779319286346436
4.0,77.0,2.466912402703183,10.90343952178955
4.0,78.0,2.466912402703183,11.015133142471313
4.0,79.0,2.466912402703183,10.881521224975586
4.0,80.0,2.466912402703183,10.902493238449097
4.0,81.0,2.466912402703183,10.867292165756226
4.0,82.0,2.466912402703183,10.906622648239136
4.0,83.0,2.466912402703183,10.685265302658081
4.0,84.0,2.466912402703183,10.67578649520874
4.0,85.0,2.466912402703183,11.023822546005249
4.0,86.0,2.466912402703183,10.684448957443237
4.0,87.0,2.466912402703183,11.008082151412964
4.0,88.0,2.466912402703183,10.860241413116455
4.0,89.0,2.466912402703183,10.856166124343872
4.0,90.0,2.464372313448707,11.0024254322052
4.0,91.0,2.451531536483912,10.911876678466797
4.0,92.0,2.4461656425574274,10.818068504333496
4.0,93.0,2.446089251203249,10.930323600769043
4.0,94.0,2.44609380330415,10.860345840454102
4.0,95.0,2.446058022647018,10.71753478050232
4.0,96.0,2.4460558458025092,10.87481164932251
4.0,97.0,2.4460559146053056,10.611172437667847
4.0,98.0,2.434172414822869,10.819122791290283
4.0,99.0,2.438835851471583,10.87714409828186
4.0,100.0,2.439457997741912,11.003659725189209
8.0,1.0,2.5441667904621874,9.405919075012207
8.0,2.0,2.482450248079591,10.376187324523926
8.0,3.0,2.4224081494607823,10.379206657409668
8.0,4.0,2.384126571091736,10.489202737808228
8.0,5.0,2.384126571091736,10.440372467041016
8.0,6.0,2.3837685224755303,10.513581991195679
8.0,7.0,2.2621491228362482,10.684201955795288
8.0,8.0,2.260478357036799,10.648576498031616
8.0,9.0,2.2494044986272326,10.608164310455322
8.0,10.0,2.1307257981456416,10.506994485855103
8.0,11.0,2.116726341691345,10.488067150115967
8.0,12.0,2.03845105154826,10.666756868362427
8.0,13.0,2.0329668533836798,10.80043625831604
8.0,14.0,2.0331216794569777,10.970532655715942
8.0,15.0,1.9842355911405363,11.21900224685669
8.0,16.0,1.9188120244514606,10.613361835479736
8.0,17.0,1.91595387645272,10.67955756187439
8.0,18.0,1.8988935096849413,10.964189052581787
8.0,19.0,1.8954009458856271,10.626259088516235
8.0,20.0,1.6802944312468469,10.919069766998291
8.0,21.0,1.6251003036472909,11.035752534866333
8.0,22.0,1.6065329588906367,10.924371480941772
8.0,23.0,1.5286098818853577,10.845950365066528
8.0,24.0,1.5091376181133327,10.71001935005188
8.0,25.0,1.4851500969421878,10.953174591064453
8.0,26.0,1.4824933736281685,11.081758499145508
8.0,27.0,1.4340022663953471,10.77682614326477
8.0,28.0,1.4239943797870873,10.708075523376465
8.0,29.0,1.4250460543730041,10.972797870635986
8.0,30.0,1.4250460543730041,10.941913843154907
8.0,31.0,1.4243202386453049,10.791399002075195
8.0,32.0,1.4123495393186971,10.825823068618774
8.0,33.0,1.4112809711569103,10.665956974029541
8.0,34.0,1.3012908392968066,10.63945460319519
8.0,35.0,1.2262789150699236,10.82437801361084
8.0,36.0,1.2263117075319727,10.772062540054321
8.0,37.0,1.2329981807817354,10.914620161056519
8.0,38.0,1.2335314823147274,11.153066873550415
8.0,39.0,1.2335314823147274,10.938042640686035
8.0,40.0,1.2335314823147274,10.834621667861938
8.0,41.0,1.2336372874385197,10.861078262329102
8.0,42.0,1.2336897587247777,11.006309270858765
8.0,43.0,1.2126854461087402,10.93436074256897
8.0,44.0,1.212836328017322,11.187668323516846
8.0,45.0,1.2177500715205483,10.901010513305664
8.0,46.0,1.1986056455971756,11.087753534317017
8.0,47.0,1.14467315979399,10.821863412857056
8.0,48.0,1.003808626887498,10.63371729850769
8.0,49.0,1.0055498354613106,10.625711917877197
8.0,50.0,1.0150064509273753,10.901601076126099
8.0,51.0,1.0160138980033253,10.551705121994019
8.0,52.0,1.0160138980033253,10.782954454421997
8.0,53.0,1.0160138980033253,10.948684453964233
8.0,54.0,1.003675002349867,11.143145322799683
8.0,55.0,1.0048852013303093,10.80928111076355
8.0,56.0,1.0052945418379788,10.715115547180176
8.0,57.0,0.9203081343623006,10.545691967010498
8.0,58.0,0.8978345796137436,11.07629942893982
8.0,59.0,0.8885453602856266,10.795544862747192
8.0,60.0,0.8892089227858551,10.95167326927185
8.0,61.0,0.864743206421129,10.916780710220337
8.0,62.0,0.8509697516436123,10.70371127128601
8.0,63.0,0.8428860586876765,10.784809589385986
8.0,64.0,0.8237403076317904,10.935301303863525
8.0,65.0,0.8237403076317904,10.600023746490479
8.0,66.0,0.8237403076317904,10.954282522201538
8.0,67.0,0.823919987626606,11.184107065200806
8.0,68.0,0.8246014306515674,10.95947527885437
8.0,69.0,0.8245495082826324,10.79067850112915
8.0,70.0,0.7907356880647541,11.145825862884521
8.0,71.0,0.7433507874915779,10.720765352249146
8.0,72.0,0.7441708341904919,11.236371040344238
8.0,73.0,0.7429960216965166,10.872220039367676
8.0,74.0,0.7426400466827815,10.817147731781006
8.0,75.0,0.7426195201759046,10.94374394416809
8.0,76.0,0.7424770944465957,10.889061212539673
8.0,77.0,0.7424753660397561,11.156105756759644
8.0,78.0,0.7424746193083344,10.896210432052612
8.0,79.0,0.7311891252410234,10.64201283454895
8.0,80.0,0.7311891252410234,10.754802703857422
8.0,81.0,0.7312735026629626,10.826940059661865
8.0,82.0,0.6737767632722157,10.574535131454468
8.0,83.0,0.6746806027918482,10.914709329605103
8.0,84.0,0.6818160589377795,11.077322483062744
8.0,85.0,0.653746851179996,11.319736242294312
8.0,86.0,0.653746851179996,11.026772260665894
8.0,87.0,0.6593458932397869,11.209166288375854
8.0,88.0,0.6593458932397869,10.983953714370728
8.0,89.0,0.6357775670976746,10.76943850517273
8.0,90.0,0.6367012615916295,10.97481083869934
8.0,91.0,0.6368067256873896,10.89244532585144
8.0,92.0,0.6373575710857053,10.708538055419922
8.0,93.0,0.6363849401085245,10.724562883377075
8.0,94.0,0.6365179791077562,10.91815733909607
8.0,95.0,0.6363099387776069,10.930412530899048
8.0,96.0,0.6365467113024933,10.693814516067505
8.0,97.0,0.6365458649070781,11.090237140655518
8.0,98.0,0.6365525113983381,11.135335683822632
8.0,99.0,0.5273766272093079,10.956640243530273
8.0,100.0,0.529303865019334,10.77366828918457
11.0,1.0,2.819011836545487,9.851056337356567
11.0,2.0,2.7180502943689984,10.484606742858887
11.0,3.0,2.624553512358599,10.602235078811646
11.0,4.0,2.5565898728576775,10.823538541793823
11.0,5.0,2.5590321014978423,10.500454902648926
11.0,6.0,2.4177768262806634,10.516661643981934
11.0,7.0,2.283651389551108,10.915135145187378
11.0,8.0,2.1197812565100023,10.759616374969482
11.0,9.0,2.104981227870615,10.938693523406982
11.0,10.0,2.099497108143783,10.525465488433838
11.0,11.0,2.097601836628268,10.482947826385498
11.0,12.0,2.0962389292194317,10.589704513549805
11.0,13.0,2.092456616086348,10.984604835510254
11.0,14.0,2.059642127932476,10.883514881134033
11.0,15.0,2.0567882806732007,10.663040161132812
11.0,16.0,2.024215022411657,10.577861309051514
11.0,17.0,1.977490800568228,10.887170791625977
11.0,18.0,1.8950468796617164,10.780523538589478
11.0,19.0,1.8950468796617164,10.958039045333862
11.0,20.0,1.7786489215679437,10.870558500289917
11.0,21.0,1.767233309133128,10.591835021972656
11.0,22.0,1.7524104972581585,10.513267278671265
11.0,23.0,1.7016738761121923,10.59891390800476
11.0,24.0,1.6935987787606834,10.72299838066101
11.0,25.0,1.6766774769484418,10.733643054962158
11.0,26.0,1.676971865806193,11.137798070907593
11.0,27.0,1.6244588534239626,10.861974239349365
11.0,28.0,1.6233765790897263,10.562174081802368
11.0,29.0,1.5420645177183112,10.797527551651001
11.0,30.0,1.537226887573321,10.82787823677063
11.0,31.0,1.326026484925687,10.719582557678223
11.0,32.0,1.3245466863224313,10.770471572875977
11.0,33.0,1.3246853677448507,10.901178359985352
11.0,34.0,1.3246853677448507,10.984160423278809
11.0,35.0,1.3246854470071132,11.014053106307983
11.0,36.0,1.288105812015637,11.095271348953247
11.0,37.0,1.2889699113637623,10.731761455535889
11.0,38.0,1.2889699113637623,11.053565502166748
11.0,39.0,1.2892926631017405,10.839885234832764
11.0,40.0,1.1185072129214495,11.051644086837769
11.0,41.0,1.1556976776873698,10.811131954193115
11.0,42.0,1.1672697096573257,10.917578220367432
11.0,43.0,1.1767297160628354,11.001636981964111
11.0,44.0,1.1223053417264672,10.866109132766724
11.0,45.0,1.1215204594060217,11.062208652496338
11.0,46.0,1.121245444425533,10.779434442520142
11.0,47.0,1.1002973228417958,10.818153619766235
11.0,48.0,1.0824711545481043,10.856852293014526
11.0,49.0,1.0824711110737864,10.957690238952637
11.0,50.0,1.0825648493991442,10.912625074386597
11.0,51.0,1.062534932199155,11.068440437316895
11.0,52.0,1.0522095767818922,10.881217002868652
11.0,53.0,1.0468087455082147,10.844348192214966
11.0,54.0,0.9676673580055895,10.859050989151001
11.0,55.0,0.878762251724945,11.03824782371521
11.0,56.0,0.86977471352672,11.04140329360962
11.0,57.0,0.8711560777839231,10.935106039047241
11.0,58.0,0.8663332161801203,10.734174251556396
11.0,59.0,0.8369420378297973,10.802077531814575
11.0,60.0,0.7788984344711128,10.82463264465332
11.0,61.0,0.7135025190385389,10.612517833709717
11.0,62.0,0.6999244214212017,10.881223440170288
11.0,63.0,0.6790096571199611,10.774267196655273
11.0,64.0,0.6571591286218199,10.810020685195923
11.0,65.0,0.6563290427590666,10.679965734481812
11.0,66.0,0.6510589902468937,10.950634241104126
11.0,67.0,0.6499318219745209,10.964553356170654
11.0,68.0,0.6496258953408129,10.801788091659546
11.0,69.0,0.6306195456794468,10.93923830986023
11.0,70.0,0.6258692254176953,10.743407487869263
11.0,71.0,0.6243697803236226,10.756673812866211
11.0,72.0,0.48820428589845716,11.012980699539185
11.0,73.0,0.4678096947576665,10.888710498809814
11.0,74.0,0.46844044774405197,10.962680339813232
11.0,75.0,0.4309919509466522,10.986790418624878
11.0,76.0,0.4530004206750474,11.034051656723022
11.0,77.0,0.4519784029846719,10.916675090789795
11.0,78.0,0.43299071365891767,10.832449913024902
11.0,79.0,0.4314420969139393,10.942727088928223
11.0,80.0,0.4295962459588924,10.730517387390137
11.0,81.0,0.4072654783007309,10.93873119354248
11.0,82.0,0.39979916798910636,10.893133878707886
11.0,83.0,0.3845728301534159,11.024453163146973
11.0,84.0,0.37220726324744535,10.73821234703064
11.0,85.0,0.3525990129869752,10.950666189193726
11.0,86.0,0.3528346080746794,11.254181623458862
11.0,87.0,0.3476375370034337,11.092191219329834
11.0,88.0,0.33746349926312846,11.040331840515137
11.0,89.0,0.33763575616191893,10.962554216384888
11.0,90.0,0.3375495717300118,10.93480110168457
11.0,91.0,0.3375079291879325,11.065884113311768
11.0,92.0,0.33750792918793254,10.682722330093384
11.0,93.0,0.3373613077940076,11.114226579666138
11.0,94.0,0.3373613077940076,10.967889070510864
11.0,95.0,0.30930089021653656,11.100727796554565
11.0,96.0,0.30909429832659774,10.835091590881348
11.0,97.0,0.30613856838639464,11.227343797683716
11.0,98.0,0.29716078476096225,10.905292749404907
11.0,99.0,0.2953000861616183,10.772242069244385
11.0,100.0,0.2953000861616183,10.68649172782898
5.0,1.0,2.704254809750279,9.797488927841187
5.0,2.0,2.6298037306318154,10.39916729927063
5.0,3.0,2.4884840607374774,10.426219701766968
5.0,4.0,2.4884840607374774,10.693459033966064
5.0,5.0,2.485227399639857,10.621576070785522
5.0,6.0,2.4662966038857537,10.507233142852783
5.0,7.0,2.460888109664651,10.399124145507812
5.0,8.0,2.3844006453307705,10.53597640991211
5.0,9.0,2.376854725635376,10.412498235702515
5.0,10.0,2.388570368395424,10.761685132980347
5.0,11.0,2.334879812350413,10.883382797241211
5.0,12.0,2.321003782488773,10.630532503128052
5.0,13.0,2.3143221191460306,10.708310604095459
5.0,14.0,2.2030189221098464,10.870845556259155
5.0,15.0,2.204819232755395,10.769706964492798
5.0,16.0,2.25894255372534,10.963799953460693
5.0,17.0,2.277423084118765,11.02546763420105
5.0,18.0,2.270346624501679,10.690890789031982
5.0,19.0,2.010837957609197,10.874362468719482
5.0,20.0,1.6548856244614762,10.879350900650024
5.0,21.0,1.6086002539551336,10.785393714904785
5.0,22.0,1.520956773949501,10.593295335769653
5.0,23.0,1.2613726668357388,10.925806522369385
5.0,24.0,1.1305001536034351,10.674466133117676
5.0,25.0,1.1190821255829584,10.902367115020752
5.0,26.0,0.8745414719794686,10.991988182067871
5.0,27.0,0.8746831394148644,10.933358669281006
5.0,28.0,0.7839559388093206,10.779789924621582
5.0,29.0,0.6063483869977014,10.911307334899902
5.0,30.0,0.582932293100547,10.860340118408203
5.0,31.0,0.5280336747745842,11.006476640701294
5.0,32.0,0.497033694978485,10.942552328109741
5.0,33.0,0.4675649487543655,10.77055025100708
5.0,34.0,0.44761776886494825,11.050475835800171
5.0,35.0,0.40754626155940543,10.89358925819397
5.0,36.0,0.40033857683818574,10.916192531585693
5.0,37.0,0.3996793996143791,11.040696620941162
5.0,38.0,0.3997271054688064,10.995090246200562
5.0,39.0,0.33094230495874655,10.9691743850708
5.0,40.0,0.3312091661389621,10.687813520431519
5.0,41.0,0.3387635368085438,10.880180358886719
5.0,42.0,0.33779958781081065,10.854963779449463
5.0,43.0,0.31990893425655703,10.881561040878296
5.0,44.0,0.31990893425655703,11.040856838226318
5.0,45.0,0.31785731279110724,10.919827938079834
5.0,46.0,0.2977764706601073,10.958640575408936
5.0,47.0,0.29684518185659575,11.034224271774292
5.0,48.0,0.29673978294590747,11.025855779647827
5.0,49.0,0.2969289489896599,10.895243406295776
5.0,50.0,0.2923783382224776,10.938045501708984
5.0,51.0,0.2923035700861009,10.929335594177246
5.0,52.0,0.27500964416485385,10.92369794845581
5.0,53.0,0.27445900300425197,10.918466806411743
5.0,54.0,0.27197569607191885,10.989484786987305
5.0,55.0,0.2714420655707414,10.950372457504272
5.0,56.0,0.2697560318233634,10.73422122001648
5.0,57.0,0.26784809866796294,11.155062198638916
5.0,58.0,0.26485600960863975,10.992063045501709
5.0,59.0,0.2645838550479921,10.844175815582275
5.0,60.0,0.26450247467784377,10.774332761764526
5.0,61.0,0.26451020542844744,11.012048721313477
5.0,62.0,0.2644857754884078,11.171147584915161
5.0,63.0,0.2644857754884078,11.120424747467041
5.0,64.0,0.2644856771588241,10.928678512573242
5.0,65.0,0.2644857557042941,11.063742876052856
5.0,66.0,0.25588161276565974,10.855317831039429
5.0,67.0,0.2505639260568841,11.039913415908813
5.0,68.0,0.24498585788587046,10.784972667694092
5.0,69.0,0.24498585788587046,10.934319972991943
5.0,70.0,0.24470028078389153,10.849804639816284
5.0,71.0,0.24467297875182253,11.029711246490479
5.0,72.0,0.2446750932199401,10.895899772644043
5.0,73.0,0.2446750932199401,10.891753196716309
5.0,74.0,0.24395233791789467,10.968188285827637
5.0,75.0,0.24338466392070993,10.818433046340942
5.0,76.0,0.24339902104124653,11.251345157623291
5.0,77.0,0.24339853426308136,10.94282579421997
5.0,78.0,0.24339414614819832,11.011899948120117
5.0,79.0,0.2431166004308413,10.788027286529541
5.0,80.0,0.2431166004308413,10.91517949104309
5.0,81.0,0.2431166004308413,10.832365989685059
5.0,82.0,0.24315139169908745,10.668434858322144
5.0,83.0,0.24316837779278347,10.795503854751587
5.0,84.0,0.24317326562235342,10.90330982208252
5.0,85.0,0.243173512180904,10.926552772521973
5.0,86.0,0.24317379270600875,10.809370040893555
5.0,87.0,0.24317379270600875,10.880187749862671
5.0,88.0,0.24317379270600872,10.978365421295166
5.0,89.0,0.24304585581154908,10.946556568145752
5.0,90.0,0.24282431674722724,11.132697820663452
5.0,91.0,0.2427114867799241,10.927912473678589
5.0,92.0,0.23039276455705895,10.80750846862793
5.0,93.0,0.23942915454228744,11.280998706817627
5.0,94.0,0.23958537496346521,10.81681203842163
5.0,95.0,0.23990564232438438,10.836666107177734
5.0,96.0,0.2405011015782004,10.977043151855469
5.0,97.0,0.24052268751143416,10.769029378890991
5.0,98.0,0.24052268751143416,10.966957569122314
5.0,99.0,0.24076014798309106,10.79682207107544
5.0,100.0,0.24076014798309106,10.824608325958252
14.0,1.0,2.74034742735822,9.94731855392456
14.0,2.0,2.687756509675183,10.54430079460144
14.0,3.0,2.6593320050431775,10.585301160812378
14.0,4.0,2.603607263057079,10.596340417861938
14.0,5.0,2.5879639061903665,10.396168947219849
14.0,6.0,2.5611694685344215,10.513101577758789
14.0,7.0,2.5624317479839736,10.52072525024414
14.0,8.0,2.537583495464455,10.774355173110962
14.0,9.0,2.4795372790101338,10.704238891601562
14.0,10.0,2.437583716559,10.635771036148071
14.0,11.0,2.416566958270554,11.092424869537354
14.0,12.0,2.3665395546927868,10.666025400161743
14.0,13.0,2.3665395546927868,10.919589281082153
14.0,14.0,2.3622185129043123,10.918659210205078
14.0,15.0,2.351342656660988,10.980653047561646
14.0,16.0,2.303251547812984,10.975701093673706
14.0,17.0,2.303251547812984,11.067238569259644
14.0,18.0,2.303248847079228,10.809815168380737
14.0,19.0,2.3032469075590414,10.714534759521484
14.0,20.0,2.303248767300973,10.772761821746826
14.0,21.0,2.3032424623166965,11.103351354598999
14.0,22.0,2.3032424623166965,10.858196020126343
14.0,23.0,2.3032423352788602,10.541817426681519
14.0,24.0,2.3032420577246255,10.804927587509155
14.0,25.0,2.3017080640465624,10.82856559753418
14.0,26.0,2.300938421026588,10.816739082336426
14.0,27.0,2.282453241626585,10.985402345657349
14.0,28.0,2.2813321999111413,11.103775024414062
14.0,29.0,2.2777485659548837,10.814528703689575
14.0,30.0,2.2711959910392077,11.034388780593872
14.0,31.0,2.2549231128095233,10.795483827590942
14.0,32.0,2.25108185795651,10.693159818649292
14.0,33.0,2.25108185795651,10.996947288513184
14.0,34.0,2.2501258969356477,10.813556671142578
14.0,35.0,2.2495987412764173,10.818350791931152
14.0,36.0,2.2494825510081204,10.829585790634155
14.0,37.0,2.249469988979323,11.29587197303772
14.0,38.0,2.2494293608789606,10.804986000061035
14.0,39.0,2.2298970321128313,11.005393028259277
14.0,40.0,2.223225838348263,10.744140625
14.0,41.0,2.2236270027480702,10.88738203048706
14.0,42.0,2.2236270027480702,10.998922109603882
14.0,43.0,2.2224315107111936,11.119860410690308
14.0,44.0,2.2193663607494516,10.93822169303894
14.0,45.0,2.21401306674315,10.979565620422363
14.0,46.0,2.2116160607611413,11.023224592208862
14.0,47.0,2.1083894352207646,11.033454656600952
14.0,48.0,2.129838942340599,11.132812976837158
14.0,49.0,2.1336000864923195,10.97790241241455
14.0,50.0,2.055396992621128,11.198626518249512
14.0,51.0,2.038411451993752,11.210817813873291
14.0,52.0,2.016237699936771,11.011745691299438
14.0,53.0,2.0102279974397406,10.750778198242188
14.0,54.0,1.9654503915822534,10.791154623031616
14.0,55.0,1.963615896626245,11.076207160949707
14.0,56.0,1.9633964138603321,10.891578197479248
14.0,57.0,1.9560092380745033,11.048779726028442
14.0,58.0,1.9506451783153116,11.030856132507324
14.0,59.0,1.9510318514917495,11.088826656341553
14.0,60.0,1.9485004857349646,10.825266599655151
14.0,61.0,1.9465758874525343,10.995193243026733
14.0,62.0,1.9439657484608297,10.87339735031128
14.0,63.0,1.9436207166286228,10.590371370315552
14.0,64.0,1.915164208296985,10.751236200332642
14.0,65.0,1.915170658897585,11.03949236869812
14.0,66.0,1.918991653371632,11.022443532943726
14.0,67.0,1.9187615941848781,10.953255653381348
14.0,68.0,1.9187615941848781,10.762593030929565
14.0,69.0,1.9187615941848781,10.828229427337646
14.0,70.0,1.9187609575544238,10.770398378372192
14.0,71.0,1.9187610423021895,10.949990272521973
14.0,72.0,1.918761100877703,10.737104415893555
14.0,73.0,1.918761100877703,10.839198350906372
14.0,74.0,1.918761100877703,10.866538763046265
14.0,75.0,1.906866448300441,11.184159278869629
14.0,76.0,1.9051800803832903,11.087449312210083
14.0,77.0,1.891923222908576,11.065252780914307
14.0,78.0,1.7952300602038045,11.08179235458374
14.0,79.0,1.8005386442419475,10.857197999954224
14.0,80.0,1.8005386442419475,10.707151651382446
14.0,81.0,1.7996600620164784,10.843835592269897
14.0,82.0,1.7998868087497648,10.852531909942627
14.0,83.0,1.7998868087497646,10.934643745422363
14.0,84.0,1.7997784995211492,11.023676633834839
14.0,85.0,1.7771854009973571,11.200167894363403
14.0,86.0,1.7250126528179581,10.862807750701904
14.0,87.0,1.70380846877091,10.820678234100342
14.0,88.0,1.685873908548239,10.856300354003906
14.0,89.0,1.6858428229427154,10.825929403305054
14.0,90.0,1.6829807733407203,10.991589546203613
14.0,91.0,1.6824886527330454,10.947354316711426
14.0,92.0,1.6820762729213878,11.27796196937561
14.0,93.0,1.6815877405042483,10.981698036193848
14.0,94.0,1.6813192386904554,11.022137641906738
14.0,95.0,1.6442212890879442,10.934948921203613
14.0,96.0,1.6669167870698451,10.856972217559814
14.0,97.0,1.664545000091474,10.960255861282349
14.0,98.0,1.6644509444111348,10.814971208572388
14.0,99.0,1.6644699975532389,10.85823130607605
14.0,100.0,1.6219963333783856,10.786096572875977
10.0,1.0,2.628551861620626,9.712526798248291
10.0,2.0,2.535710496900652,10.584050416946411
10.0,3.0,2.435374127637342,10.467355728149414
10.0,4.0,2.2092821358798136,10.522146940231323
10.0,5.0,2.2716818500946427,10.492612838745117
10.0,6.0,2.260778430307635,10.515288829803467
10.0,7.0,2.250959673471766,10.483811140060425
10.0,8.0,2.240999482082401,10.559006690979004
10.0,9.0,2.2412662978500038,10.645886421203613
10.0,10.0,2.128966869074354,10.673037767410278
10.0,11.0,2.129477322581652,10.979904174804688
10.0,12.0,2.129477322581652,10.797683954238892
10.0,13.0,2.132254413148501,11.04173469543457
10.0,14.0,2.12678609321352,10.881568431854248
10.0,15.0,2.1254918960082105,11.03647780418396
10.0,16.0,2.12550663876623,10.74833631515503
10.0,17.0,2.0028198191736775,10.943244457244873
10.0,18.0,2.0072868379217255,10.745786190032959
10.0,19.0,2.0073097028768347,10.869577646255493
10.0,20.0,2.0013178941856986,10.82786774635315
10.0,21.0,1.9429113670161673,10.858825445175171
10.0,22.0,1.8485085375064774,10.893654584884644
10.0,23.0,1.851479364811129,10.999348402023315
10.0,24.0,1.851479364811129,11.093175172805786
10.0,25.0,1.8523256091655274,10.976878643035889
10.0,26.0,1.6268781430470836,11.185476779937744
10.0,27.0,1.514973287625309,10.824673414230347
10.0,28.0,1.3686301349533445,11.2557852268219
10.0,29.0,1.3654169968287566,11.480020999908447
10.0,30.0,1.3603243461564223,11.333788633346558
10.0,31.0,1.3610950973464628,11.472853422164917
10.0,32.0,1.2901871220832015,10.912971019744873
10.0,33.0,1.1560823594124792,11.071308851242065
10.0,34.0,1.0400135044423364,11.071255683898926
10.0,35.0,1.0105822409383678,10.882674217224121
10.0,36.0,0.983664343233127,11.016896963119507
10.0,37.0,0.8964979679856432,10.9694983959198
10.0,38.0,0.8426622456958861,11.068899631500244
10.0,39.0,0.8344787921511534,10.965193271636963
10.0,40.0,0.8009785631180278,10.950946807861328
10.0,41.0,0.7934754846868185,10.80868124961853
10.0,42.0,0.7869555160077062,10.889467000961304
10.0,43.0,0.7776536525330202,10.980372190475464
10.0,44.0,0.769016166168503,10.766790390014648
10.0,45.0,0.7669389641860431,10.816613912582397
10.0,46.0,0.7668797947160655,10.935050249099731
10.0,47.0,0.7656101394027008,11.082968473434448
10.0,48.0,0.7636127729940533,11.03809666633606
10.0,49.0,0.7192033614611898,10.805181741714478
10.0,50.0,0.7177754555135601,10.774626016616821
10.0,51.0,0.7147809814315471,11.020344734191895
10.0,52.0,0.33035129109259914,10.998272895812988
10.0,53.0,0.28548190556317593,11.267893314361572
10.0,54.0,0.28512196486978697,10.96224856376648
10.0,55.0,0.2755727438478726,10.758647680282593
10.0,56.0,0.2628292437351532,10.835306406021118
10.0,57.0,0.26189894467141234,10.949498891830444
10.0,58.0,0.2614157751651036,10.798773050308228
10.0,59.0,0.2613801173719393,10.760296106338501
10.0,60.0,0.25117124430303445,10.958730697631836
10.0,61.0,0.25085852727275315,10.94566297531128
10.0,62.0,0.25022542180245366,11.116245985031128
10.0,63.0,0.24887361192534188,10.989211559295654
10.0,64.0,0.24887361192534188,11.012585163116455
10.0,65.0,0.24890370543721518,11.270159006118774
10.0,66.0,0.24891091269276308,11.132603406906128
10.0,67.0,0.24627536915059053,11.111155271530151
10.0,68.0,0.24590044149323595,10.868352890014648
10.0,69.0,0.24590044149323595,10.846859693527222
10.0,70.0,0.24589882851454695,10.76523733139038
10.0,71.0,0.2458992157089543,10.816947937011719
10.0,72.0,0.2458992157089543,11.021019220352173
10.0,73.0,0.2359138701049441,10.967792272567749
10.0,74.0,0.23298776656725403,10.94579529762268
10.0,75.0,0.23283133996104485,10.92676305770874
10.0,76.0,0.23130460965098093,10.994151830673218
10.0,77.0,0.23130460965098093,11.08517599105835
10.0,78.0,0.23097046109447172,11.075437784194946
10.0,79.0,0.23083055578139738,10.914320468902588
10.0,80.0,0.2306685687694308,11.042760610580444
10.0,81.0,0.23064761130667877,10.823225736618042
10.0,82.0,0.23066130826963585,11.154876947402954
10.0,83.0,0.23065264709126754,10.88076639175415
10.0,84.0,0.23049076332773616,10.807086944580078
10.0,85.0,0.2304440962615678,10.8373441696167
10.0,86.0,0.2304440962615678,11.035141229629517
10.0,87.0,0.23013378798085182,10.974237203598022
10.0,88.0,0.22849140240833857,10.9694082736969
10.0,89.0,0.22842947847830813,10.872113704681396
10.0,90.0,0.22838798100864846,11.141542196273804
10.0,91.0,0.22838714407328148,10.963991641998291
10.0,92.0,0.22838669864264774,10.97090458869934
10.0,93.0,0.22837426875751574,10.961928844451904
10.0,94.0,0.22837027495203893,11.016873598098755
10.0,95.0,0.22836940573752573,10.908089399337769
10.0,96.0,0.22836928593037692,10.699123620986938
10.0,97.0,0.22836928593037692,11.008310556411743
10.0,98.0,0.22836922499698953,11.109317779541016
10.0,99.0,0.22836922319792874,10.710973739624023
10.0,100.0,0.22836922319792874,10.752821922302246
3.0,1.0,2.7271782655688397,9.722929954528809
3.0,2.0,2.6990794519033017,10.593594312667847
3.0,3.0,2.7016139913228012,10.474520921707153
3.0,4.0,2.693814009166567,10.603508710861206
3.0,5.0,2.692258332287464,10.571416139602661
3.0,6.0,2.6152328698972025,10.820670366287231
3.0,7.0,2.6152328698972025,10.791425943374634
3.0,8.0,2.616859256174838,10.764477968215942
3.0,9.0,2.5727247172306718,10.775437593460083
3.0,10.0,2.570613626074752,10.69853138923645
3.0,11.0,2.523645622298568,10.77878212928772
3.0,12.0,2.509841512386957,10.825002193450928
3.0,13.0,2.509926178657606,10.943588256835938
3.0,14.0,2.509816173667549,10.990593910217285
3.0,15.0,2.445288337911595,11.059309482574463
3.0,16.0,2.445918767677366,10.912008047103882
3.0,17.0,2.3191742656831136,10.810713291168213
3.0,18.0,2.2836371806633444,10.811443567276001
3.0,19.0,2.2722091630904044,10.926482439041138
3.0,20.0,2.2493446745889583,10.714261770248413
3.0,21.0,2.2569944976452803,10.860222339630127
3.0,22.0,2.2566539451190613,11.093910455703735
3.0,23.0,2.2543958344948516,11.089222192764282
3.0,24.0,2.253890906322652,11.08676815032959
3.0,25.0,2.253874123984034,10.888187885284424
3.0,26.0,2.2538648730423603,11.010087251663208
3.0,27.0,2.2538648730423603,10.837922811508179
3.0,28.0,2.2538676811483738,10.871985673904419
3.0,29.0,2.253868256716274,11.03583812713623
3.0,30.0,2.253868636132563,10.863584041595459
3.0,31.0,2.253868636132563,11.041291952133179
3.0,32.0,2.238148732991669,11.247894048690796
3.0,33.0,2.242355698119877,10.919007062911987
3.0,34.0,2.242355698119877,10.908997297286987
3.0,35.0,2.2362998683699304,10.844763994216919
3.0,36.0,2.1773298617059225,10.88236379623413
3.0,37.0,2.1790070348129156,10.881670475006104
3.0,38.0,2.145239223324046,10.938777208328247
3.0,39.0,2.1421844917195854,10.812839031219482
3.0,40.0,2.1423858718018605,10.94267725944519
3.0,41.0,2.143099748005377,11.019271850585938
3.0,42.0,2.1429212491432916,10.940800905227661
3.0,43.0,2.1428552609494895,11.095296382904053
3.0,44.0,2.142825732799509,10.822800874710083
3.0,45.0,2.1428250407421694,10.729645252227783
3.0,46.0,2.142817961927223,10.792393445968628
3.0,47.0,2.142819076660509,10.818428039550781
3.0,48.0,2.142819076660509,11.070647716522217
3.0,49.0,2.1138048840670427,10.899729013442993
3.0,50.0,2.103764545293229,10.951594829559326
3.0,51.0,2.1028291432332997,10.859099388122559
3.0,52.0,2.100998431602161,11.05286693572998
3.0,53.0,2.097159963935906,11.042346954345703
3.0,54.0,2.0907364882728516,11.001656770706177
3.0,55.0,2.0943306084233924,10.880741119384766
3.0,56.0,2.0946414899757384,10.83795952796936
3.0,57.0,2.0946414899757384,11.106235027313232
3.0,58.0,2.094655603817705,11.095646142959595
3.0,59.0,2.0946570143065384,11.027586936950684
3.0,60.0,2.083183980086514,10.87841272354126
3.0,61.0,2.083183980086514,11.169133186340332
3.0,62.0,2.083183980086514,11.079875946044922
3.0,63.0,2.083183980086514,10.987809181213379
3.0,64.0,2.0417714674456167,11.041350364685059
3.0,65.0,2.0417714674456167,11.113385200500488
3.0,66.0,2.055701728410275,11.055387496948242
3.0,67.0,2.0557017284102748,10.729354858398438
3.0,68.0,2.0557017284102748,11.126599311828613
3.0,69.0,2.0557017284102748,10.833871841430664
3.0,70.0,2.0557017284102748,11.069977045059204
3.0,71.0,2.0557017284102748,10.963808059692383
3.0,72.0,2.052216879223657,10.992949724197388
3.0,73.0,2.0513059361900803,10.952865362167358
3.0,74.0,2.0513059361900803,10.907794952392578
3.0,75.0,2.0513059361900803,11.066757678985596
3.0,76.0,2.0371168618886957,11.173811435699463
3.0,77.0,2.0371773820344954,11.136121034622192
3.0,78.0,2.037491738291451,10.850103616714478
3.0,79.0,2.037491738291451,10.786325454711914
3.0,80.0,2.0376283551315284,10.794693231582642
3.0,81.0,2.0376283551315284,10.866073369979858
3.0,82.0,2.0359763378646862,10.778219223022461
3.0,83.0,2.034463244068115,10.85114860534668
3.0,84.0,2.0335722536787126,10.84185004234314
3.0,85.0,2.0336093100166144,11.147160530090332
3.0,86.0,2.026733925546928,11.253666639328003
3.0,87.0,2.026733925546928,11.11020565032959
3.0,88.0,2.0267339255469277,10.930773735046387
3.0,89.0,2.0267339255469277,10.829236507415771
3.0,90.0,2.0267339255469277,11.206900119781494
3.0,91.0,2.0267339255469277,10.907151222229004
3.0,92.0,2.0267339255469277,11.04563283920288
3.0,93.0,2.0267339255469277,11.131183624267578
3.0,94.0,2.0267339255469277,11.077699184417725
3.0,95.0,2.0267339255469277,11.052900791168213
3.0,96.0,2.013597183110511,10.876087188720703
3.0,97.0,1.9975879801453187,11.003159284591675
3.0,98.0,1.9967270884095518,10.791499376296997
3.0,99.0,1.9963928592681162,11.014435529708862
3.0,100.0,1.996524973858591,10.639892339706421
2.0,1.0,2.681161877872868,9.75763988494873
2.0,2.0,2.6133904804507195,10.44813585281372
2.0,3.0,2.5238456953239443,10.547619819641113
2.0,4.0,2.4943389807766736,10.786506414413452
2.0,5.0,2.380447915638908,10.595879793167114
2.0,6.0,2.3463738215140513,10.699259519577026
2.0,7.0,2.1478527162329253,10.801306247711182
2.0,8.0,1.9654723141328043,10.711063861846924
2.0,9.0,1.9630364245655747,11.094264268875122
2.0,10.0,1.82814092116882,11.11339020729065
2.0,11.0,1.6095506635640946,10.956045150756836
2.0,12.0,1.486673794571326,11.020085573196411
2.0,13.0,0.9908040280618137,10.65393328666687
2.0,14.0,0.8740528004447978,10.970519304275513
2.0,15.0,0.8757421434395404,11.041789770126343
2.0,16.0,0.8514132958247158,10.817315101623535
2.0,17.0,0.7222445246566673,10.692296504974365
2.0,18.0,0.7190090019769535,11.013517618179321
2.0,19.0,0.6127064232307603,10.715413331985474
2.0,20.0,0.5311193777011252,10.651836395263672
2.0,21.0,0.5307620909835308,10.771289348602295
2.0,22.0,0.5168492314376633,10.845354318618774
2.0,23.0,0.5112286898097713,10.822861909866333
2.0,24.0,0.5081162349492572,10.781266689300537
2.0,25.0,0.4916344653959879,11.102099895477295
2.0,26.0,0.49148442388389824,11.005850553512573
2.0,27.0,0.44111267027959306,11.07532548904419
2.0,28.0,0.4032729573784745,11.032594442367554
2.0,29.0,0.3883842799777065,11.238067626953125
2.0,30.0,0.388290252757963,10.874563932418823
2.0,31.0,0.3882549790109453,10.944490671157837
2.0,32.0,0.3879742056569059,10.913522958755493
2.0,33.0,0.38797733516212624,10.8225736618042
2.0,34.0,0.38797546842512404,11.12365984916687
2.0,35.0,0.3879764886951411,11.115230083465576
2.0,36.0,0.38797656805492786,10.829315423965454
2.0,37.0,0.3874403310604284,10.8902268409729
2.0,38.0,0.3873505204259415,11.122926950454712
2.0,39.0,0.3873505204259415,11.189790487289429
2.0,40.0,0.3831500508492659,10.891387224197388
2.0,41.0,0.3831500508492659,11.132304191589355
2.0,42.0,0.3663913328529902,10.83134126663208
2.0,43.0,0.3663980210647527,10.736610412597656
2.0,44.0,0.3660743231876158,10.922808170318604
2.0,45.0,0.3660743231876158,10.97581696510315
2.0,46.0,0.3633186882417822,10.900241374969482
2.0,47.0,0.3633186882417822,10.802541255950928
2.0,48.0,0.3612046679156631,11.070476293563843
2.0,49.0,0.36088558571231505,11.054342985153198
2.0,50.0,0.32662482410508303,11.187042951583862
2.0,51.0,0.323258882900587,10.924144506454468
2.0,52.0,0.323258882900587,10.982202768325806
2.0,53.0,0.3232100724487627,11.025996208190918
2.0,54.0,0.32320844675882765,11.088603258132935
2.0,55.0,0.3232068588562932,10.955235958099365
2.0,56.0,0.3232065338212476,10.92523717880249
2.0,57.0,0.32320643344255595,10.89606237411499
2.0,58.0,0.323206554796993,10.98688006401062
2.0,59.0,0.3232065636665512,10.747084140777588
2.0,60.0,0.29174559052689203,10.764378309249878
2.0,61.0,0.2917946195912075,10.994991540908813
2.0,62.0,0.28917208625443763,11.07542610168457
2.0,63.0,0.28888847370061477,11.022465467453003
2.0,64.0,0.28888847370061477,11.164962530136108
2.0,65.0,0.2888907218108707,10.902626991271973
2.0,66.0,0.2888911477610987,10.851617336273193
2.0,67.0,0.2888912743980067,10.964593172073364
2.0,68.0,0.2888912743980067,10.724961280822754
2.0,69.0,0.2888912887568663,11.1141676902771
2.0,70.0,0.28423753059180945,10.9374680519104
2.0,71.0,0.26008016577638726,10.795694589614868
2.0,72.0,0.26135065876485336,10.739454746246338
2.0,73.0,0.26562254057192075,10.975171089172363
2.0,74.0,0.26562254057192075,10.970425128936768
2.0,75.0,0.26562254057192075,10.861224889755249
2.0,76.0,0.2659602200325895,11.253287553787231
2.0,77.0,0.2659602200325895,11.041303634643555
2.0,78.0,0.2659602200325895,11.101471900939941
2.0,79.0,0.26586182365851924,11.120518207550049
2.0,80.0,0.26587486528177656,10.955078840255737
2.0,81.0,0.2638641115433434,11.132726669311523
2.0,82.0,0.2638804969672435,10.903295040130615
2.0,83.0,0.25996791817628195,10.939889907836914
2.0,84.0,0.25960002330765264,10.933443784713745
2.0,85.0,0.25723344871677783,10.80998682975769
2.0,86.0,0.2534787026133361,11.047346830368042
2.0,87.0,0.2529042175751404,11.084528923034668
2.0,88.0,0.25156644395162453,10.887591361999512
2.0,89.0,0.2472963905839484,10.90501093864441
2.0,90.0,0.2464124363305962,11.004502773284912
2.0,91.0,0.24540624943929704,11.024404525756836
2.0,92.0,0.24187142626001323,10.957034587860107
2.0,93.0,0.24154627545461207,10.977182626724243
2.0,94.0,0.23564824797236705,11.154153108596802
2.0,95.0,0.23564824797236705,11.121930122375488
2.0,96.0,0.23564824797236705,10.767303466796875
2.0,97.0,0.23564824797236705,10.902191400527954
2.0,98.0,0.23565001752865086,11.025185823440552
2.0,99.0,0.2348936865889489,10.830517530441284
2.0,100.0,0.23493419592720802,10.828924417495728
16.0,1.0,2.633305789477683,10.0216383934021
16.0,2.0,2.596337346132228,10.571909427642822
16.0,3.0,2.6232727643432243,10.570622682571411
16.0,4.0,2.4793859551386257,10.661729574203491
16.0,5.0,2.4793859551386257,10.64262080192566
16.0,6.0,2.4793859551386257,10.826318502426147
16.0,7.0,2.4794734565125895,10.749940395355225
16.0,8.0,2.482779192077595,10.906184196472168
16.0,9.0,2.482743433620733,10.799516916275024
16.0,10.0,2.4264205140706707,10.71608018875122
16.0,11.0,2.3277508746603526,10.865293741226196
16.0,12.0,2.2970411994200854,11.012351274490356
16.0,13.0,2.2905955885934777,10.899677753448486
16.0,14.0,2.2850293544878872,10.748359441757202
16.0,15.0,2.278105219635685,10.993114233016968
16.0,16.0,2.2781808318877412,11.00100564956665
16.0,17.0,2.2781808318877412,11.033083438873291
16.0,18.0,2.2207677964664088,10.762921333312988
16.0,19.0,1.9768281662696245,10.724237203598022
16.0,20.0,1.8510710452503762,10.966023445129395
16.0,21.0,1.8493664586572778,10.96542739868164
16.0,22.0,1.8471534614463592,11.038419723510742
16.0,23.0,1.844875055911667,10.99870491027832
16.0,24.0,1.7640855275089495,11.0733163356781
16.0,25.0,1.6914636846816102,11.302143335342407
16.0,26.0,1.6914636846816102,11.168240308761597
16.0,27.0,1.6396179701529943,11.183440923690796
16.0,28.0,1.5970179512209872,10.97457218170166
16.0,29.0,1.5976065810579845,11.032679080963135
16.0,30.0,1.5980865224098753,11.017336368560791
16.0,31.0,1.4721787393820145,11.020612001419067
16.0,32.0,1.4630604088006702,11.026422262191772
16.0,33.0,1.4323877020060634,11.266878843307495
16.0,34.0,1.4024216230127322,11.179706335067749
16.0,35.0,1.387312204321109,10.79037880897522
16.0,36.0,1.3872606066488924,11.054821014404297
16.0,37.0,1.3228709774274565,10.99796724319458
16.0,38.0,1.3228709774274565,11.054466009140015
16.0,39.0,1.3228709774274565,10.91537594795227
16.0,40.0,1.2829742566902917,10.972495317459106
16.0,41.0,1.2713186065819797,11.244824886322021
16.0,42.0,1.2696132074538728,10.939335346221924
16.0,43.0,1.1668424741018188,11.012918472290039
16.0,44.0,1.0936470754492076,11.201327323913574
16.0,45.0,1.0937833505870846,11.331360101699829
16.0,46.0,1.0133709499948598,10.975317478179932
16.0,47.0,0.9887471478190322,10.962223052978516
16.0,48.0,0.9908382006200591,11.188596487045288
16.0,49.0,1.0016816215343542,11.167172908782959
16.0,50.0,0.9568342125929165,11.000603199005127
16.0,51.0,0.9352757681127675,11.176544904708862
16.0,52.0,0.9359160137736756,11.039550065994263
16.0,53.0,0.933334568003002,11.156963109970093
16.0,54.0,0.933099562312238,11.162466049194336
16.0,55.0,0.933099562312238,11.378663063049316
16.0,56.0,0.933099562312238,10.962429761886597
16.0,57.0,0.9331000687530662,11.018174648284912
16.0,58.0,0.9331000687530662,11.03931212425232
16.0,59.0,0.9331005151546367,10.965264558792114
16.0,60.0,0.9318673674885046,10.82959532737732
16.0,61.0,0.9316844290134465,11.048763751983643
16.0,62.0,0.9316481484276695,11.344828367233276
16.0,63.0,0.8928813862340297,11.162257194519043
16.0,64.0,0.8928813862340297,11.111194610595703
16.0,65.0,0.8928813862340297,11.025451183319092
16.0,66.0,0.8928813862340297,11.225449085235596
16.0,67.0,0.8833016977928023,11.223727464675903
16.0,68.0,0.883074105556886,11.279691934585571
16.0,69.0,0.8830282995701279,11.107838153839111
16.0,70.0,0.7319527438637918,11.25793719291687
16.0,71.0,0.6447176990218727,11.014250755310059
16.0,72.0,0.5662857847223454,10.872050523757935
16.0,73.0,0.5662857847223454,10.937759637832642
16.0,74.0,0.5545338634814937,11.056207656860352
16.0,75.0,0.5533919831955054,11.102502584457397
16.0,76.0,0.5140028895447584,11.065389633178711
16.0,77.0,0.5140028895447584,11.109631538391113
16.0,78.0,0.5140028895447584,11.191504955291748
16.0,79.0,0.5140028895447584,11.058389663696289
16.0,80.0,0.5140033201757883,11.011457204818726
16.0,81.0,0.49220038956458256,11.140289306640625
16.0,82.0,0.39529043562299315,11.140172481536865
16.0,83.0,0.3948846383603726,10.964842557907104
16.0,84.0,0.3948846383603726,11.154056310653687
16.0,85.0,0.39153654458549486,11.082767486572266
16.0,86.0,0.381068572832181,11.094668626785278
16.0,87.0,0.38038377951023933,11.01075005531311
16.0,88.0,0.3776594164657772,11.045456171035767
16.0,89.0,0.35254724493325024,11.107959747314453
16.0,90.0,0.3246943970503928,11.08476209640503
16.0,91.0,0.32258284065359794,11.04106068611145
16.0,92.0,0.32170817108566774,10.922503471374512
16.0,93.0,0.3217073405950047,11.044680118560791
16.0,94.0,0.30061828013403713,11.485103130340576
16.0,95.0,0.28800178469481025,11.033771991729736
16.0,96.0,0.28513517224637797,11.01578426361084
16.0,97.0,0.28454228958989125,10.98378038406372
16.0,98.0,0.2844457266236592,10.99707293510437
16.0,99.0,0.2814225289896697,11.035878658294678
16.0,100.0,0.2807728417466221,10.667829513549805
