iteration,gen,bestfitness,time
9.0,1.0,2.6755152347020466,17.042311429977417
9.0,2.0,2.6755152347020466,19.764325380325317
9.0,3.0,2.666372174442556,19.993125677108765
9.0,4.0,2.666372174442556,20.476648807525635
9.0,5.0,2.541381953754239,19.98130488395691
9.0,6.0,2.541381953754239,20.076246976852417
9.0,7.0,2.5213306768782164,20.449227809906006
9.0,8.0,2.5213306768782164,20.332914113998413
9.0,9.0,2.5119053502656765,20.459521055221558
9.0,10.0,2.4665320665058896,20.341939449310303
9.0,11.0,2.4665320665058896,20.241256952285767
9.0,12.0,2.4665320665058896,21.636523962020874
9.0,13.0,2.4665320665058896,20.20035696029663
9.0,14.0,2.4665320665058896,20.08942413330078
9.0,15.0,2.4665320665058896,20.663145780563354
9.0,16.0,2.4665320665058896,20.480238914489746
9.0,17.0,2.4665320665058896,19.99079418182373
9.0,18.0,2.4665320665058896,20.66351890563965
9.0,19.0,2.356263257525043,20.00568151473999
9.0,20.0,2.356263257525043,20.38226890563965
9.0,21.0,2.356263257525043,20.481437921524048
9.0,22.0,2.194017117781719,20.55510115623474
9.0,23.0,2.194017117781719,20.24258065223694
9.0,24.0,2.194017117781719,20.353445053100586
9.0,25.0,2.194017117781719,20.386168003082275
9.0,26.0,2.194017117781719,20.825403213500977
9.0,27.0,2.194017117781719,20.847853899002075
9.0,28.0,2.194017117781719,20.197676420211792
9.0,29.0,2.194017117781719,20.41777467727661
9.0,30.0,2.194017117781719,20.30812978744507
9.0,31.0,2.194017117781719,20.427324295043945
9.0,32.0,2.194017117781719,20.196889877319336
9.0,33.0,2.194017117781719,20.51541018486023
9.0,34.0,2.194017117781719,20.672659158706665
9.0,35.0,2.194017117781719,20.10026216506958
9.0,36.0,2.194017117781719,20.5279438495636
9.0,37.0,2.194017117781719,20.629964590072632
9.0,38.0,2.194017117781719,20.20120406150818
9.0,39.0,2.194017117781719,20.55726671218872
9.0,40.0,2.194017117781719,20.03062653541565
9.0,41.0,2.194017117781719,20.3798828125
9.0,42.0,2.194017117781719,20.420970678329468
9.0,43.0,2.194017117781719,20.829025268554688
9.0,44.0,2.194017117781719,20.795104503631592
9.0,45.0,2.194017117781719,20.420164108276367
9.0,46.0,2.194017117781719,20.310957431793213
9.0,47.0,2.194017117781719,20.605737686157227
9.0,48.0,2.194017117781719,20.269734382629395
9.0,49.0,2.194017117781719,20.638402223587036
9.0,50.0,2.194017117781719,20.64935803413391
9.0,51.0,2.194017117781719,21.193942308425903
9.0,52.0,2.194017117781719,20.127731800079346
9.0,53.0,2.194017117781719,20.319304704666138
9.0,54.0,2.194017117781719,20.765904664993286
9.0,55.0,2.194017117781719,20.441701889038086
9.0,56.0,2.194017117781719,20.81112265586853
9.0,57.0,2.194017117781719,20.33777165412903
9.0,58.0,2.194017117781719,20.397470474243164
9.0,59.0,2.194017117781719,20.532299995422363
9.0,60.0,2.194017117781719,20.576971292495728
9.0,61.0,2.194017117781719,20.176795482635498
9.0,62.0,2.194017117781719,20.735279321670532
9.0,63.0,2.194017117781719,21.00309419631958
9.0,64.0,2.194017117781719,20.236050605773926
9.0,65.0,2.194017117781719,20.49795889854431
9.0,66.0,2.194017117781719,20.754621982574463
9.0,67.0,2.194017117781719,20.527093648910522
9.0,68.0,2.194017117781719,20.34204602241516
9.0,69.0,2.194017117781719,20.602068424224854
9.0,70.0,2.194017117781719,20.65301251411438
9.0,71.0,2.194017117781719,20.717656135559082
9.0,72.0,2.194017117781719,20.298781394958496
9.0,73.0,2.194017117781719,20.324227809906006
9.0,74.0,2.194017117781719,20.488714456558228
9.0,75.0,2.194017117781719,20.53815007209778
9.0,76.0,2.194017117781719,20.495914936065674
9.0,77.0,2.194017117781719,20.459413290023804
9.0,78.0,2.194017117781719,20.181888103485107
9.0,79.0,2.194017117781719,20.365325212478638
9.0,80.0,2.194017117781719,20.598218202590942
9.0,81.0,2.194017117781719,20.431761980056763
9.0,82.0,2.194017117781719,20.603010416030884
9.0,83.0,2.194017117781719,20.314130783081055
9.0,84.0,2.194017117781719,20.720187664031982
9.0,85.0,2.194017117781719,20.098105669021606
9.0,86.0,2.194017117781719,20.502750635147095
9.0,87.0,2.194017117781719,21.61427354812622
9.0,88.0,2.194017117781719,20.55517840385437
9.0,89.0,2.194017117781719,20.892962217330933
9.0,90.0,2.194017117781719,20.46558380126953
9.0,91.0,2.194017117781719,19.951386213302612
9.0,92.0,2.194017117781719,20.55760169029236
9.0,93.0,2.194017117781719,20.5553297996521
9.0,94.0,2.194017117781719,20.22741174697876
9.0,95.0,2.194017117781719,20.536744594573975
9.0,96.0,2.194017117781719,20.021218299865723
9.0,97.0,2.194017117781719,20.05178189277649
9.0,98.0,2.194017117781719,20.891091108322144
9.0,99.0,2.194017117781719,20.621042251586914
9.0,100.0,2.194017117781719,20.964686393737793
8.0,1.0,2.7815366058281845,17.74183464050293
8.0,2.0,2.7815366058281845,20.210934162139893
8.0,3.0,2.7815366058281845,20.22333335876465
8.0,4.0,2.7815366058281845,20.51346492767334
8.0,5.0,2.7408780828260704,19.96878170967102
8.0,6.0,2.7408780828260704,19.94265651702881
8.0,7.0,2.7408780828260704,20.648951292037964
8.0,8.0,2.7408780828260704,20.865634202957153
8.0,9.0,2.7408780828260704,20.38329553604126
8.0,10.0,2.7408780828260704,20.130109310150146
8.0,11.0,2.7408780828260704,21.02459406852722
8.0,12.0,2.7408780828260704,20.477270126342773
8.0,13.0,2.7408780828260704,20.122456550598145
8.0,14.0,2.7408780828260704,20.5772066116333
8.0,15.0,2.7408780828260704,20.451353311538696
8.0,16.0,2.638762516571565,20.17587423324585
8.0,17.0,2.638762516571565,20.617521286010742
8.0,18.0,2.5574132055938876,20.636579513549805
8.0,19.0,2.4529282985790086,20.325218200683594
8.0,20.0,2.4529282985790086,20.148916244506836
8.0,21.0,2.4529282985790086,20.885809421539307
8.0,22.0,2.4529282985790086,20.24900794029236
8.0,23.0,2.4343685344976898,21.847660541534424
8.0,24.0,2.338658926117619,20.262813091278076
8.0,25.0,2.338658926117619,21.051570177078247
8.0,26.0,2.338658926117619,20.77137303352356
8.0,27.0,2.338658926117619,20.854416131973267
8.0,28.0,2.338658926117619,20.0996150970459
8.0,29.0,2.338658926117619,20.123413801193237
8.0,30.0,2.338658926117619,20.2371609210968
8.0,31.0,2.338658926117619,20.11063027381897
8.0,32.0,2.338658926117619,20.155537128448486
8.0,33.0,2.3183919045577976,20.219576120376587
8.0,34.0,2.3048876780870398,20.499829292297363
8.0,35.0,2.2491796654636746,20.511279106140137
8.0,36.0,2.2491796654636746,20.252962827682495
8.0,37.0,2.2104816892742836,20.507063627243042
8.0,38.0,2.2104816892742836,20.629424810409546
8.0,39.0,2.2104816892742836,20.53931212425232
8.0,40.0,2.2104816892742836,20.177396297454834
8.0,41.0,2.2104816892742836,20.824133157730103
8.0,42.0,2.1989687638093134,20.64398169517517
8.0,43.0,2.187455838344343,20.246262311935425
8.0,44.0,2.1529172222978628,20.17105484008789
8.0,45.0,2.1529172222978628,20.334338665008545
8.0,46.0,2.1421408991993083,20.634262800216675
8.0,47.0,2.121758685102074,20.603888988494873
8.0,48.0,2.121758685102074,20.589674472808838
8.0,49.0,2.121758685102074,20.153128147125244
8.0,50.0,2.0984225480819068,20.681315898895264
8.0,51.0,2.0984225480819068,21.391851663589478
8.0,52.0,2.0984225480819068,20.75952124595642
8.0,53.0,2.0984225480819068,20.546470880508423
8.0,54.0,2.0984225480819068,20.474589109420776
8.0,55.0,2.0984225480819068,19.94705557823181
8.0,56.0,2.0707916189031392,20.30240511894226
8.0,57.0,2.0707916189031392,20.688992500305176
8.0,58.0,2.0707916189031392,20.453990697860718
8.0,59.0,2.0707916189031392,20.171438694000244
8.0,60.0,2.0707916189031392,20.39864158630371
8.0,61.0,2.0707916189031392,20.493293523788452
8.0,62.0,2.0707916189031392,20.88851523399353
8.0,63.0,2.0707916189031392,20.399430513381958
8.0,64.0,2.0707916189031392,20.022664785385132
8.0,65.0,2.0707916189031392,20.290881156921387
8.0,66.0,2.0707916189031392,20.67178702354431
8.0,67.0,2.0707916189031392,20.191123962402344
8.0,68.0,2.0001789175002243,20.191356420516968
8.0,69.0,2.0001789175002243,20.049346685409546
8.0,70.0,2.0001789175002243,20.670942544937134
8.0,71.0,1.9334306452570924,20.720540285110474
8.0,72.0,1.9061342210769416,20.58098268508911
8.0,73.0,1.9061342210769416,20.51833438873291
8.0,74.0,1.9061342210769416,20.257481813430786
8.0,75.0,1.9061342210769416,20.83149743080139
8.0,76.0,1.9061342210769416,20.845921993255615
8.0,77.0,1.89954752580781,20.8034508228302
8.0,78.0,1.867396510418171,20.159379482269287
8.0,79.0,1.8528134714960325,20.407716035842896
8.0,80.0,1.7977285413711142,20.689708709716797
8.0,81.0,1.7977285413711142,20.73519253730774
8.0,82.0,1.7860408527570453,20.323614835739136
8.0,83.0,1.7860408527570453,20.65913224220276
8.0,84.0,1.6752027515729908,20.626261234283447
8.0,85.0,1.6752027515729908,20.659103870391846
8.0,86.0,1.6752027515729908,20.245123147964478
8.0,87.0,1.6752027515729908,20.509816884994507
8.0,88.0,1.5804841530843694,20.316548585891724
8.0,89.0,1.5804841530843694,20.70194721221924
8.0,90.0,1.4805868417272743,20.723191738128662
8.0,91.0,1.4805868417272743,20.575773239135742
8.0,92.0,1.4805868417272743,20.141565799713135
8.0,93.0,1.4805868417272743,20.467212438583374
8.0,94.0,1.4805868417272743,20.36904525756836
8.0,95.0,1.3876912827111083,19.94193124771118
8.0,96.0,1.3876912827111083,20.356820344924927
8.0,97.0,1.2100714516041073,20.387802362442017
8.0,98.0,1.2100714516041073,20.3657648563385
8.0,99.0,1.2100714516041073,20.114015817642212
8.0,100.0,1.2100714516041073,20.50445318222046
6.0,1.0,2.7826959147508035,18.0816707611084
6.0,2.0,2.740959690871097,20.178501844406128
6.0,3.0,2.740959690871097,19.95748472213745
6.0,4.0,2.740959690871097,20.05870485305786
6.0,5.0,2.740959690871097,20.18411111831665
6.0,6.0,2.740959690871097,20.076824426651
6.0,7.0,2.740959690871097,20.90135955810547
6.0,8.0,2.740959690871097,20.781991720199585
6.0,9.0,2.740959690871097,20.13071370124817
6.0,10.0,2.728563335197944,19.947709560394287
6.0,11.0,2.728563335197944,20.16452383995056
6.0,12.0,2.728563335197944,21.60020422935486
6.0,13.0,2.728563335197944,20.57292127609253
6.0,14.0,2.728563335197944,20.592219591140747
6.0,15.0,2.728563335197944,20.674383640289307
6.0,16.0,2.682511633338063,20.650293827056885
6.0,17.0,2.647972856943152,20.468415021896362
6.0,18.0,2.624947006013212,21.18453049659729
6.0,19.0,2.567382378688361,20.678885459899902
6.0,20.0,2.4522531240386587,20.465864419937134
6.0,21.0,2.447212623178789,20.277467966079712
6.0,22.0,2.371662645783867,20.204928636550903
6.0,23.0,2.3486367948539266,20.435484409332275
6.0,24.0,2.2910721675290753,20.165955543518066
6.0,25.0,2.279559242064105,20.81826949119568
6.0,26.0,2.279559242064105,20.265706777572632
6.0,27.0,2.279559242064105,20.416557550430298
6.0,28.0,2.279559242064105,20.394065856933594
6.0,29.0,2.2335075402042244,20.661423683166504
6.0,30.0,2.2104816892742836,20.21997594833374
6.0,31.0,2.1759429128793735,20.61352014541626
6.0,32.0,2.1759429128793735,20.15621066093445
6.0,33.0,2.1414041364844625,20.292042016983032
6.0,34.0,2.1414041364844625,20.100425243377686
6.0,35.0,2.1414041364844625,20.15243363380432
6.0,36.0,2.1414041364844625,20.210243225097656
6.0,37.0,2.1414041364844625,20.714611291885376
6.0,38.0,2.1414041364844625,20.971467971801758
6.0,39.0,2.1414041364844625,20.286134958267212
6.0,40.0,2.1414041364844625,20.07097291946411
6.0,41.0,2.1414041364844625,20.32960319519043
6.0,42.0,2.1414041364844625,20.284424304962158
6.0,43.0,2.1298912110194923,20.601558923721313
6.0,44.0,2.1298912110194923,20.76103138923645
6.0,45.0,2.1298912110194923,20.23843741416931
6.0,46.0,2.118378285554522,20.38702130317688
6.0,47.0,2.083839509159611,20.6461923122406
6.0,48.0,2.083839509159611,20.93464994430542
6.0,49.0,2.072326583694641,20.19973397254944
6.0,50.0,2.072326583694641,20.330196619033813
6.0,51.0,2.072326583694641,21.457489728927612
6.0,52.0,2.072326583694641,20.85765528678894
6.0,53.0,2.0493007327647006,20.94964337348938
6.0,54.0,2.0493007327647006,20.98571491241455
6.0,55.0,2.0493007327647006,20.57386016845703
6.0,56.0,2.0493007327647006,21.001373291015625
6.0,57.0,2.0493007327647006,20.191240787506104
6.0,58.0,2.0262748818347602,20.49551010131836
6.0,59.0,2.0262748818347602,20.30303454399109
6.0,60.0,1.980223179974879,20.077897310256958
6.0,61.0,1.980223179974879,20.695635318756104
6.0,62.0,1.980223179974879,20.713362216949463
6.0,63.0,1.980223179974879,20.640119075775146
6.0,64.0,1.980223179974879,20.58583092689514
6.0,65.0,1.980223179974879,20.759241342544556
6.0,66.0,1.980223179974879,20.943953037261963
6.0,67.0,1.980223179974879,20.196439027786255
6.0,68.0,1.980223179974879,20.719213485717773
6.0,69.0,1.980223179974879,20.143916130065918
6.0,70.0,1.980223179974879,20.34972834587097
6.0,71.0,1.980223179974879,20.36654829978943
6.0,72.0,1.980223179974879,20.638725757598877
6.0,73.0,1.980223179974879,20.738051652908325
6.0,74.0,1.980223179974879,20.23793339729309
6.0,75.0,1.980223179974879,20.8090980052948
6.0,76.0,1.980223179974879,20.306463956832886
6.0,77.0,1.980223179974879,20.126082181930542
6.0,78.0,1.980223179974879,20.586653232574463
6.0,79.0,1.980223179974879,20.391048669815063
6.0,80.0,1.980223179974879,20.493850708007812
6.0,81.0,1.980223179974879,20.373181581497192
6.0,82.0,1.980223179974879,20.88907504081726
6.0,83.0,1.980223179974879,20.177366256713867
6.0,84.0,1.980223179974879,20.197144746780396
6.0,85.0,1.980223179974879,20.775999069213867
6.0,86.0,1.980223179974879,20.166133165359497
6.0,87.0,1.980223179974879,20.829200744628906
6.0,88.0,1.980223179974879,20.401455879211426
6.0,89.0,1.980223179974879,20.632911682128906
6.0,90.0,1.980223179974879,20.70325469970703
6.0,91.0,1.980223179974879,20.617443323135376
6.0,92.0,1.980223179974879,20.51172924041748
6.0,93.0,1.980223179974879,20.244689464569092
6.0,94.0,1.980223179974879,20.581496715545654
6.0,95.0,1.980223179974879,20.37113666534424
6.0,96.0,1.980223179974879,20.598938941955566
6.0,97.0,1.980223179974879,20.30592703819275
6.0,98.0,1.980223179974879,20.515608549118042
6.0,99.0,1.980223179974879,20.115133047103882
6.0,100.0,1.980223179974879,21.015751123428345
5.0,1.0,2.6959197653457494,18.393088579177856
5.0,2.0,2.6959197653457494,19.975802421569824
5.0,3.0,2.6959197653457494,19.617960691452026
5.0,4.0,2.6959197653457494,20.018007516860962
5.0,5.0,2.6959197653457494,20.19437074661255
5.0,6.0,2.6959197653457494,20.629064559936523
5.0,7.0,2.6959197653457494,20.23643708229065
5.0,8.0,2.6959197653457494,20.10995388031006
5.0,9.0,2.6959197653457494,20.721076488494873
5.0,10.0,2.6450443294347608,20.60424256324768
5.0,11.0,2.6450443294347608,21.82895040512085
5.0,12.0,2.6450443294347608,20.982253551483154
5.0,13.0,2.6450443294347608,20.45060634613037
5.0,14.0,2.640631700592032,20.450364112854004
5.0,15.0,2.6278577070218434,20.254201650619507
5.0,16.0,2.6249472751668317,20.64346694946289
5.0,17.0,2.6249471246286893,20.44185709953308
5.0,18.0,2.6249471246286893,20.89429545402527
5.0,19.0,2.5208670251673904,20.377460956573486
5.0,20.0,2.5208670251673904,20.821637630462646
5.0,21.0,2.5208670251673904,20.61192011833191
5.0,22.0,2.5208670251673904,20.42808246612549
5.0,23.0,2.413873392813861,20.692761659622192
5.0,24.0,2.413873392813861,20.800838232040405
5.0,25.0,2.315721146980507,20.838916778564453
5.0,26.0,2.315721146980507,20.317110538482666
5.0,27.0,2.315721146980507,20.502042770385742
5.0,28.0,2.2910721675309382,20.116875886917114
5.0,29.0,2.2910721675309382,20.299888372421265
5.0,30.0,2.2910721675309382,20.78323245048523
5.0,31.0,2.2910721675309382,20.13084387779236
5.0,32.0,2.2910721675309382,20.628235340118408
5.0,33.0,2.2910721675309382,20.77461338043213
5.0,34.0,2.2910721675309382,20.14268684387207
5.0,35.0,2.2910721675309382,20.28943181037903
5.0,36.0,2.2910721675309382,20.243621587753296
5.0,37.0,2.2910721675309382,20.422695875167847
5.0,38.0,2.210496203017896,20.661921739578247
5.0,39.0,2.210496203017896,20.11983609199524
5.0,40.0,2.210496203017896,20.74920916557312
5.0,41.0,2.210496203017896,20.800282955169678
5.0,42.0,2.210496203017896,20.006847143173218
5.0,43.0,2.207059068382191,20.74000859260559
5.0,44.0,2.207059068382191,20.176297664642334
5.0,45.0,2.1989687638095554,20.612186670303345
5.0,46.0,2.1989687638095554,20.355648517608643
5.0,47.0,2.1989687638095554,20.49204683303833
5.0,48.0,2.175942912932609,20.177945137023926
5.0,49.0,2.175942912932609,20.318161487579346
5.0,50.0,2.143206313407312,20.805842638015747
5.0,51.0,2.143206313407312,21.513900995254517
5.0,52.0,2.143206313407312,20.422917366027832
5.0,53.0,2.143206313407312,20.418633460998535
5.0,54.0,2.143206313407312,20.890146255493164
5.0,55.0,2.143206313407312,20.23582148551941
5.0,56.0,2.142171664848794,20.21889019012451
5.0,57.0,2.142171664848794,20.703864812850952
5.0,58.0,2.142171664848794,20.29959225654602
5.0,59.0,2.109397384753945,20.65749740600586
5.0,60.0,2.109397384753945,20.243746519088745
5.0,61.0,2.105662673474016,20.53459906578064
5.0,62.0,2.105662673474016,20.608731985092163
5.0,63.0,2.105662673474016,20.32630443572998
5.0,64.0,2.0608136582673664,21.19279456138611
5.0,65.0,2.0608136582673664,20.74559473991394
5.0,66.0,2.0608136582673664,20.229472160339355
5.0,67.0,2.0608136582673664,20.251323699951172
5.0,68.0,2.0608136582673664,20.5755033493042
5.0,69.0,2.0608136582673664,20.686224222183228
5.0,70.0,2.0608136582673664,19.966795921325684
5.0,71.0,2.0608136582673664,20.328408002853394
5.0,72.0,2.0608136582673664,20.344214916229248
5.0,73.0,2.0608136582673664,20.702903509140015
5.0,74.0,2.0608136582673664,20.726037979125977
5.0,75.0,2.0608136582673664,20.22717595100403
5.0,76.0,2.0608136582673664,20.510801792144775
5.0,77.0,2.0608136582673664,20.39505672454834
5.0,78.0,2.0608136582673664,20.35113835334778
5.0,79.0,2.0608136582673664,20.696754932403564
5.0,80.0,2.0608136582673664,20.14475727081299
5.0,81.0,2.0608136582673664,20.336363315582275
5.0,82.0,2.0608136582673664,20.837318658828735
5.0,83.0,2.0608136582673664,20.501728296279907
5.0,84.0,2.0608136582673664,20.67240619659424
5.0,85.0,2.0608136582673664,20.118501901626587
5.0,86.0,2.0608136582673664,20.670039892196655
5.0,87.0,2.0608136582673664,21.693894386291504
5.0,88.0,2.0608136582673664,21.001962661743164
5.0,89.0,2.0608136582673664,20.65762162208557
5.0,90.0,2.0608136582673664,20.74204111099243
5.0,91.0,2.0608136582673664,20.331198692321777
5.0,92.0,2.0608136582673664,20.171268701553345
5.0,93.0,2.0608136582673664,20.41737699508667
5.0,94.0,2.0608136582673664,20.326560258865356
5.0,95.0,2.0608136582673664,20.244713068008423
5.0,96.0,2.0608136582673664,20.366915464401245
5.0,97.0,2.0608136582673664,20.554924726486206
5.0,98.0,2.0608136582673664,20.35141897201538
5.0,99.0,2.0608136582673664,20.4501953125
5.0,100.0,2.0608136582673664,20.547489643096924
10.0,1.0,2.7014064883436384,19.08008360862732
10.0,2.0,2.6647408331621065,20.363412618637085
10.0,3.0,2.6647408331621065,20.131540775299072
10.0,4.0,2.6647408331621065,20.383766651153564
10.0,5.0,2.6647408331621065,20.478271484375
10.0,6.0,2.588760569682758,20.75008726119995
10.0,7.0,2.551951804199568,19.980618476867676
10.0,8.0,2.5416690364458883,20.430986881256104
10.0,9.0,2.519879982984934,20.64316749572754
10.0,10.0,2.48729443206976,20.651668310165405
10.0,11.0,2.3993942464382725,21.892977476119995
10.0,12.0,2.3993942464382725,20.613009452819824
10.0,13.0,2.3993942464382725,20.3695125579834
10.0,14.0,2.3993942464382725,20.57701301574707
10.0,15.0,2.3993942464382725,20.23529601097107
10.0,16.0,2.3993942464382725,20.3351993560791
10.0,17.0,2.3993942464382725,20.331398963928223
10.0,18.0,2.3993942464382725,20.186633586883545
10.0,19.0,2.360149720318897,20.164912462234497
10.0,20.0,2.360149720318897,20.6396062374115
10.0,21.0,2.360149720318897,21.07950234413147
10.0,22.0,2.360149720318897,20.507201671600342
10.0,23.0,2.360149720318897,21.41629719734192
10.0,24.0,2.360149720318897,21.046204090118408
10.0,25.0,2.3140980184591826,21.158995628356934
10.0,26.0,2.253123692825266,20.367130279541016
10.0,27.0,2.253123692825266,20.267812967300415
10.0,28.0,2.2104816892742836,20.678314208984375
10.0,29.0,2.2104816892742836,20.304725170135498
10.0,30.0,2.2104816892742836,20.883924961090088
10.0,31.0,2.1759429128793735,20.564146757125854
10.0,32.0,2.129093294097397,20.554749011993408
10.0,33.0,2.129093294097397,20.132650136947632
10.0,34.0,2.129093294097397,20.214890718460083
10.0,35.0,2.129093294097397,20.2023868560791
10.0,36.0,2.129093294097397,20.642134189605713
10.0,37.0,2.129093294097397,20.201954126358032
10.0,38.0,2.129093294097397,20.112095594406128
10.0,39.0,2.129093294097397,20.81140971183777
10.0,40.0,2.129093294097397,20.097227096557617
10.0,41.0,2.129093294097397,20.458452463150024
10.0,42.0,2.0801327937405047,20.088812589645386
10.0,43.0,2.0801327937405047,20.474189043045044
10.0,44.0,2.0801327937405047,20.74603843688965
10.0,45.0,2.0801327937405047,20.364346027374268
10.0,46.0,2.032836257770606,19.95338249206543
10.0,47.0,2.032836257770606,20.471039056777954
10.0,48.0,2.032836257770606,20.624508380889893
10.0,49.0,2.032836257770606,20.488534927368164
10.0,50.0,2.032836257770606,20.865344285964966
10.0,51.0,2.032836257770606,21.031806468963623
10.0,52.0,2.032836257770606,20.35516119003296
10.0,53.0,2.032836257770606,21.14167046546936
10.0,54.0,2.032836257770606,20.7760591506958
10.0,55.0,2.032836257770606,20.111576795578003
10.0,56.0,2.032836257770606,20.866547107696533
10.0,57.0,2.032836257770606,20.521570682525635
10.0,58.0,2.032836257770606,20.272074699401855
10.0,59.0,2.032836257770606,20.576897859573364
10.0,60.0,2.032836257770606,20.43710970878601
10.0,61.0,2.032836257770606,20.611467361450195
10.0,62.0,2.032836257770606,20.710040807724
10.0,63.0,2.032836257770606,20.52769422531128
10.0,64.0,2.032836257770606,20.665554761886597
10.0,65.0,2.032836257770606,20.455583333969116
10.0,66.0,2.032836257770606,20.159655809402466
10.0,67.0,2.032836257770606,20.781766653060913
10.0,68.0,2.032836257770606,21.527751922607422
10.0,69.0,2.032836257770606,20.617077589035034
10.0,70.0,2.032836257770606,20.63811182975769
10.0,71.0,2.032836257770606,20.668048620224
10.0,72.0,2.032836257770606,20.001609563827515
10.0,73.0,2.032836257770606,20.432605743408203
10.0,74.0,2.032836257770606,20.26407217979431
10.0,75.0,2.032836257770606,20.38741374015808
10.0,76.0,2.032836257770606,20.55820107460022
10.0,77.0,2.032836257770606,20.095657348632812
10.0,78.0,2.032836257770606,20.649210691452026
10.0,79.0,2.032836257770606,20.407962322235107
10.0,80.0,2.032836257770606,20.79152488708496
10.0,81.0,2.032836257770606,20.252469778060913
10.0,82.0,2.032836257770606,20.709008932113647
10.0,83.0,2.032836257770606,20.283823013305664
10.0,84.0,2.032836257770606,20.305577516555786
10.0,85.0,2.032836257770606,20.067574977874756
10.0,86.0,2.032836257770606,20.569233417510986
10.0,87.0,2.032836257770606,20.487807512283325
10.0,88.0,2.032836257770606,20.232914447784424
10.0,89.0,2.032836257770606,20.61873984336853
10.0,90.0,2.032836257770606,20.698719024658203
10.0,91.0,2.032836257770606,20.53229808807373
10.0,92.0,2.032836257770606,20.614890336990356
10.0,93.0,2.032836257770606,20.297548532485962
10.0,94.0,2.032836257770606,20.19343328475952
10.0,95.0,2.032836257770606,20.436315059661865
10.0,96.0,2.032836257770606,20.458969354629517
10.0,97.0,2.032836257770606,20.266489505767822
10.0,98.0,2.032836257770606,20.669665098190308
10.0,99.0,2.032836257770606,20.42032742500305
10.0,100.0,2.003250164599802,20.86414361000061
7.0,1.0,2.735044513530954,17.865700244903564
7.0,2.0,2.735044513530954,20.08127236366272
7.0,3.0,2.735044513530954,20.412719011306763
7.0,4.0,2.735044513530954,20.109705686569214
7.0,5.0,2.637107980194874,20.7946994304657
7.0,6.0,2.637107980194874,20.17662811279297
7.0,7.0,2.637107980194874,20.511233806610107
7.0,8.0,2.4768140316972618,20.211759567260742
7.0,9.0,2.4768140316972618,20.329949617385864
7.0,10.0,2.4768140316972618,20.310768365859985
7.0,11.0,2.4577898866985857,21.23304009437561
7.0,12.0,2.4577898866985857,20.696149587631226
7.0,13.0,2.440740206694538,20.586199522018433
7.0,14.0,2.3093881827790628,20.103007078170776
7.0,15.0,2.3093881827790628,20.027860403060913
7.0,16.0,2.3093881827790628,21.02474021911621
7.0,17.0,2.3093881827790628,20.0400812625885
7.0,18.0,2.245280134318331,20.405781745910645
7.0,19.0,2.245280134318331,20.208500862121582
7.0,20.0,2.2079357631755103,20.329481840133667
7.0,21.0,2.2079357631755103,20.52693772315979
7.0,22.0,2.2079357631755103,20.30626606941223
7.0,23.0,2.2079357631755103,21.799712657928467
7.0,24.0,2.2079357631755103,20.330392360687256
7.0,25.0,2.2079357631755103,21.321383237838745
7.0,26.0,2.2079357631755103,21.066696882247925
7.0,27.0,2.1391333834313664,20.88435411453247
7.0,28.0,2.1391333834313664,20.58539056777954
7.0,29.0,2.1391333834313664,20.838136911392212
7.0,30.0,2.1391333834313664,20.5661141872406
7.0,31.0,2.0455233699450117,20.324056148529053
7.0,32.0,2.0455233699450117,20.60995626449585
7.0,33.0,2.0455233699450117,20.356499433517456
7.0,34.0,2.020230111940964,20.046570777893066
7.0,35.0,2.020230111940964,20.525596618652344
7.0,36.0,2.001904023256683,20.190810441970825
7.0,37.0,2.001904023256683,20.762843370437622
7.0,38.0,1.9948172703185179,20.606654167175293
7.0,39.0,1.9948172703185179,20.327865600585938
7.0,40.0,1.9308830874580933,20.46991515159607
7.0,41.0,1.9308830874580933,20.481775760650635
7.0,42.0,1.9308830874580933,20.661783933639526
7.0,43.0,1.9308830874580933,20.711564540863037
7.0,44.0,1.9068066929985785,20.77666211128235
7.0,45.0,1.9068066929985785,20.133867025375366
7.0,46.0,1.9068066929985785,20.152507781982422
7.0,47.0,1.862102152915546,20.16556167602539
7.0,48.0,1.862102152915546,20.602869510650635
7.0,49.0,1.862102152915546,20.228111743927002
7.0,50.0,1.8121344681863139,21.791459560394287
7.0,51.0,1.8045948002742358,21.757372856140137
7.0,52.0,1.8045948002742358,20.773910522460938
7.0,53.0,1.7353816317531787,20.770707368850708
7.0,54.0,1.6931675718518788,20.345558881759644
7.0,55.0,1.6931675718518788,20.58847403526306
7.0,56.0,1.6931675718518788,20.40133786201477
7.0,57.0,1.6626065348051275,20.631163358688354
7.0,58.0,1.6626065348051275,20.543197631835938
7.0,59.0,1.6135168435865694,20.52515745162964
7.0,60.0,1.517403576283076,20.213226318359375
7.0,61.0,1.517403576283076,20.520838737487793
7.0,62.0,1.517403576283076,20.548941135406494
7.0,63.0,1.4292297374861604,20.288722038269043
7.0,64.0,1.4292297374861604,20.377089262008667
7.0,65.0,1.3884588110754092,20.38170576095581
7.0,66.0,1.3884588110754092,20.852802276611328
7.0,67.0,1.381315066710731,20.30924415588379
7.0,68.0,1.381315066710731,20.257125854492188
7.0,69.0,1.381315066710731,20.3465838432312
7.0,70.0,1.381315066710731,20.21963906288147
7.0,71.0,1.3171096947389551,20.853956937789917
7.0,72.0,1.1766283386584087,20.811495065689087
7.0,73.0,1.1766283386584087,20.181150674819946
7.0,74.0,1.0782358981861526,20.618286848068237
7.0,75.0,1.046141160583628,21.085310220718384
7.0,76.0,1.046141160583628,20.335358381271362
7.0,77.0,0.9586271494981697,20.576061725616455
7.0,78.0,0.9586271494981697,20.40486979484558
7.0,79.0,0.9279423065725622,20.59319019317627
7.0,80.0,0.9279423065725622,20.680253744125366
7.0,81.0,0.9279423065725622,20.67491602897644
7.0,82.0,0.8320007469351819,20.43621516227722
7.0,83.0,0.8320007469351819,20.118263721466064
7.0,84.0,0.814417107340972,20.47752094268799
7.0,85.0,0.8137278322327081,20.52677273750305
7.0,86.0,0.6593068649606284,20.458221435546875
7.0,87.0,0.6593068649606284,21.60146141052246
7.0,88.0,0.6593068649606284,20.325613737106323
7.0,89.0,0.6593068649606284,20.18948721885681
7.0,90.0,0.6500965245886522,20.768036365509033
7.0,91.0,0.6286057303873744,20.546664476394653
7.0,92.0,0.6006014302479032,20.450327157974243
7.0,93.0,0.6006014302479032,20.153728723526
7.0,94.0,0.583321556891825,20.48832654953003
7.0,95.0,0.5756462732485114,20.40696382522583
7.0,96.0,0.5656684045122038,20.657533645629883
7.0,97.0,0.5656684045122038,20.411799430847168
7.0,98.0,0.5510853655899082,20.923516511917114
7.0,99.0,0.5480152521325828,20.4706027507782
7.0,100.0,0.5403399684892694,21.258140325546265
12.0,1.0,2.8624618709333234,18.260254859924316
12.0,2.0,2.8561491367050476,19.920938730239868
12.0,3.0,2.7331918156031456,20.4954674243927
12.0,4.0,2.719359086844214,19.739775896072388
12.0,5.0,2.719359086844214,20.91138458251953
12.0,6.0,2.6172993304694727,20.71684956550598
12.0,7.0,2.6172993304694727,20.227670192718506
12.0,8.0,2.5763454078994497,20.723309755325317
12.0,9.0,2.5105852797278407,20.248521327972412
12.0,10.0,2.5105852797278407,20.819466829299927
12.0,11.0,2.5105852797278407,21.278756380081177
12.0,12.0,2.5105852797278407,20.29233717918396
12.0,13.0,2.5105852797278407,20.55132269859314
12.0,14.0,2.5105852797278407,20.710700035095215
12.0,15.0,2.5105852797278407,20.61558723449707
12.0,16.0,2.5105852797278407,20.454395294189453
12.0,17.0,2.5105852797278407,21.00179409980774
12.0,18.0,2.5105852797278407,20.671116590499878
12.0,19.0,2.444577840395345,20.705207586288452
12.0,20.0,2.444577840395345,20.050115823745728
12.0,21.0,2.444577840395345,19.913944721221924
12.0,22.0,2.444577840395345,20.603428840637207
12.0,23.0,2.444577840395345,21.234628915786743
12.0,24.0,2.444577840395345,20.868464469909668
12.0,25.0,2.444577840395345,20.820024013519287
12.0,26.0,2.444577840395345,20.48046898841858
12.0,27.0,2.4184818760080793,20.758270502090454
12.0,28.0,2.352474436675966,20.57535696029663
12.0,29.0,2.352474436675966,19.888540744781494
12.0,30.0,2.2508474055947736,20.723571300506592
12.0,31.0,2.2508474055947736,20.05719494819641
12.0,32.0,2.2508474055947736,20.568219900131226
12.0,33.0,2.2508474055947736,20.693637371063232
12.0,34.0,2.2359922151715024,20.38688373565674
12.0,35.0,2.2350425969328866,20.438013553619385
12.0,36.0,2.2150868646436646,20.77232789993286
12.0,37.0,2.2150868646436646,20.79458713531494
12.0,38.0,2.2150868646436646,20.42551350593567
12.0,39.0,2.168748458418538,20.63469934463501
12.0,40.0,2.168748458418538,21.095345735549927
12.0,41.0,2.168748458418538,20.839887619018555
12.0,42.0,2.168748458418538,20.295167922973633
12.0,43.0,2.168748458418538,20.580621242523193
12.0,44.0,2.168748458418538,20.333343744277954
12.0,45.0,2.168748458418538,20.524117469787598
12.0,46.0,2.168748458418538,20.50180959701538
12.0,47.0,2.168748458418538,20.093611240386963
12.0,48.0,2.168748458418538,20.134548902511597
12.0,49.0,2.0973729367134872,20.455576419830322
12.0,50.0,2.047938195217046,21.305997848510742
12.0,51.0,2.047938195217046,20.970917463302612
12.0,52.0,2.047938195217046,20.880324125289917
12.0,53.0,2.047938195217046,20.376340627670288
12.0,54.0,2.0216697226711595,20.555050134658813
12.0,55.0,1.9925036338041808,20.774668216705322
12.0,56.0,1.9598905714052208,20.206116914749146
12.0,57.0,1.9529743669474167,20.686942100524902
12.0,58.0,1.8888542256939884,20.363195180892944
12.0,59.0,1.8888542256939884,20.480418920516968
12.0,60.0,1.8888542256939884,20.679394960403442
12.0,61.0,1.8888542256939884,20.426909923553467
12.0,62.0,1.8811100408964334,20.38231062889099
12.0,63.0,1.8250135766136306,20.65031147003174
12.0,64.0,1.8250135766136306,20.62162494659424
12.0,65.0,1.8250135766136306,20.416627168655396
12.0,66.0,1.8250135766136306,20.459080696105957
12.0,67.0,1.8250135766136306,20.741055250167847
12.0,68.0,1.8250135766136306,21.80396032333374
12.0,69.0,1.8250135766136306,20.459370136260986
12.0,70.0,1.6757276391661047,20.2043776512146
12.0,71.0,1.6757276391661047,20.479334592819214
12.0,72.0,1.6757276391661047,20.72854781150818
12.0,73.0,1.6237061323746977,20.686113595962524
12.0,74.0,1.6171952521228585,20.732001781463623
12.0,75.0,1.530781069374827,20.57372236251831
12.0,76.0,1.530781069374827,19.991589784622192
12.0,77.0,1.4981947453337923,20.571196794509888
12.0,78.0,1.4065524744271303,20.334544897079468
12.0,79.0,1.3308941837505583,20.467405319213867
12.0,80.0,1.3308941837505583,20.687105417251587
12.0,81.0,1.3132410313709375,20.773139476776123
12.0,82.0,1.3132410313709375,20.161354541778564
12.0,83.0,1.137477035998332,20.601027250289917
12.0,84.0,1.137477035998332,20.38839030265808
12.0,85.0,1.137477035998332,20.79622793197632
12.0,86.0,1.0845175788001953,20.562358140945435
12.0,87.0,1.0845175788001953,20.632181882858276
12.0,88.0,1.063794312963249,20.5927734375
12.0,89.0,1.0250059171043842,20.6228985786438
12.0,90.0,1.0250059171043842,20.278194665908813
12.0,91.0,0.9443921166903616,20.169952154159546
12.0,92.0,0.7406649638282267,20.487351417541504
12.0,93.0,0.7406649638282267,20.690058708190918
12.0,94.0,0.7406649638282267,20.397243976593018
12.0,95.0,0.7406649638282267,20.37269949913025
12.0,96.0,0.7406649638282267,20.488760948181152
12.0,97.0,0.7406649638282267,20.513584852218628
12.0,98.0,0.7384051927651123,20.384384393692017
12.0,99.0,0.7099637370064975,20.43717908859253
12.0,100.0,0.7099637370064975,20.039453744888306
4.0,1.0,2.733207462643437,19.14038062095642
4.0,2.0,2.733207462643437,20.717692613601685
4.0,3.0,2.733207462643437,20.087732791900635
4.0,4.0,2.705220043743873,20.47191858291626
4.0,5.0,2.705220043743873,20.397385597229004
4.0,6.0,2.705220043743873,20.62989568710327
4.0,7.0,2.6640555739885805,20.87300729751587
4.0,8.0,2.6640555739885805,20.408754587173462
4.0,9.0,2.6640555739885805,20.53889036178589
4.0,10.0,2.6640555739885805,20.76360821723938
4.0,11.0,2.6640555739885805,20.196380615234375
4.0,12.0,2.62091201628071,20.2589328289032
4.0,13.0,2.62091201628071,20.249844312667847
4.0,14.0,2.62091201628071,20.87970781326294
4.0,15.0,2.62091201628071,20.528202056884766
4.0,16.0,2.62091201628071,20.798224449157715
4.0,17.0,2.62091201628071,21.823230743408203
4.0,18.0,2.62091201628071,20.7559757232666
4.0,19.0,2.62091201628071,20.639069318771362
4.0,20.0,2.62091201628071,20.543477535247803
4.0,21.0,2.62091201628071,20.620357513427734
4.0,22.0,2.62091201628071,20.522539615631104
4.0,23.0,2.62091201628071,21.081732273101807
4.0,24.0,2.62091201628071,20.580201387405396
4.0,25.0,2.62091201628071,21.099868535995483
4.0,26.0,2.62091201628071,20.779383182525635
4.0,27.0,2.62091201628071,20.07051372528076
4.0,28.0,2.62091201628071,20.40901780128479
4.0,29.0,2.62091201628071,20.250314235687256
4.0,30.0,2.5740647098003873,20.622756719589233
4.0,31.0,2.5478057382672206,20.59212350845337
4.0,32.0,2.5478057382672206,20.15467619895935
4.0,33.0,2.5478057382672206,20.58804488182068
4.0,34.0,2.5478057382672206,20.548985719680786
4.0,35.0,2.5478057382672206,20.520596027374268
4.0,36.0,2.5478057382672206,20.370369911193848
4.0,37.0,2.5478057382672206,20.638293743133545
4.0,38.0,2.5478057382672206,20.194974184036255
4.0,39.0,2.5478057382672206,20.655499935150146
4.0,40.0,2.5478057382672206,20.67082953453064
4.0,41.0,2.5478057382672206,20.204595804214478
4.0,42.0,2.5478057382672206,20.593228816986084
4.0,43.0,2.5478057382672206,20.68588423728943
4.0,44.0,2.5478057382672206,20.595043897628784
4.0,45.0,2.5478057382672206,20.54279327392578
4.0,46.0,2.5478057382672206,20.3841712474823
4.0,47.0,2.5478057382672206,20.04428720474243
4.0,48.0,2.5478057382672206,20.698466300964355
4.0,49.0,2.5478057382672206,20.36034059524536
4.0,50.0,2.5478057382672206,21.045682430267334
4.0,51.0,2.5478057382672206,20.75229239463806
4.0,52.0,2.5478057382672206,20.748307943344116
4.0,53.0,2.5478057382672206,21.00135898590088
4.0,54.0,2.5478057382672206,20.21924877166748
4.0,55.0,2.5478057382672206,20.770148515701294
4.0,56.0,2.5478057382672206,20.631283044815063
4.0,57.0,2.5478057382672206,20.649859189987183
4.0,58.0,2.5478057382672206,20.52560329437256
4.0,59.0,2.5478057382672206,20.261464834213257
4.0,60.0,2.5478057382672206,19.998351573944092
4.0,61.0,2.5478057382672206,20.46395993232727
4.0,62.0,2.5478057382672206,21.01740002632141
4.0,63.0,2.5478057382672206,20.157657623291016
4.0,64.0,2.5478057382672206,20.625584840774536
4.0,65.0,2.5478057382672206,20.24941849708557
4.0,66.0,2.5478057382672206,20.505302667617798
4.0,67.0,2.5478057382672206,20.347349882125854
4.0,68.0,2.5478057382672206,21.914265394210815
4.0,69.0,2.5478057382672206,20.359888076782227
4.0,70.0,2.5478057382672206,20.50036859512329
4.0,71.0,2.5478057382672206,20.643311738967896
4.0,72.0,2.5478057382672206,20.62484574317932
4.0,73.0,2.5478057382672206,20.43199348449707
4.0,74.0,2.5478057382672206,20.703009128570557
4.0,75.0,2.5478057382672206,20.656571626663208
4.0,76.0,2.5478057382672206,20.228189945220947
4.0,77.0,2.5478057382672206,20.753515243530273
4.0,78.0,2.5478057382672206,20.53249192237854
4.0,79.0,2.5478057382672206,20.844929695129395
4.0,80.0,2.5478057382672206,20.477996587753296
4.0,81.0,2.5478057382672206,20.496473789215088
4.0,82.0,2.5478057382672206,20.512025833129883
4.0,83.0,2.5478057382672206,20.522875785827637
4.0,84.0,2.5478057382672206,20.49626326560974
4.0,85.0,2.527874727926578,20.787273406982422
4.0,86.0,2.527874727926578,20.20314073562622
4.0,87.0,2.527874727926578,20.90974736213684
4.0,88.0,2.527874727926578,20.957011222839355
4.0,89.0,2.527874727926578,20.944055795669556
4.0,90.0,2.527874727926578,20.7128484249115
4.0,91.0,2.527874727926578,20.326441764831543
4.0,92.0,2.527874727926578,20.37239694595337
4.0,93.0,2.527874727926578,20.620150804519653
4.0,94.0,2.527874727926578,20.26078748703003
4.0,95.0,2.527874727926578,20.423404932022095
4.0,96.0,2.527874727926578,20.18836545944214
4.0,97.0,2.527874727926578,20.333464860916138
4.0,98.0,2.527874727926578,20.744676113128662
4.0,99.0,2.527874727926578,20.325029373168945
4.0,100.0,2.527874727926578,20.829639196395874
1.0,1.0,2.8469039202484447,19.25630474090576
1.0,2.0,2.6185098374208233,20.326968669891357
1.0,3.0,2.6185098374208233,19.929101943969727
1.0,4.0,2.6185098374208233,20.324909925460815
1.0,5.0,2.5558694532233908,20.70028042793274
1.0,6.0,2.4983048258985394,21.15077567100525
1.0,7.0,2.4819552623461014,20.449183464050293
1.0,8.0,2.391927412287641,20.370420694351196
1.0,9.0,2.377033769930506,20.04487180709839
1.0,10.0,2.377033769930506,20.5159432888031
1.0,11.0,2.377033769930506,20.12773847579956
1.0,12.0,2.377033769930506,20.92453145980835
1.0,13.0,2.377033769930506,20.40655827522278
1.0,14.0,2.333282635879179,20.00797128677368
1.0,15.0,2.3103274454447624,20.947850227355957
1.0,16.0,2.3103274454447624,20.78287696838379
1.0,17.0,2.3103274454447624,20.311548948287964
1.0,18.0,2.3103274454447624,20.75296664237976
1.0,19.0,2.3103274454447624,20.721888542175293
1.0,20.0,2.3103274454447624,20.801593780517578
1.0,21.0,2.303352621358377,20.95140790939331
1.0,22.0,2.2396478133666458,20.999183416366577
1.0,23.0,2.2396478133666458,21.23984694480896
1.0,24.0,2.2396478133666458,20.84292197227478
1.0,25.0,2.2396478133666458,20.916132926940918
1.0,26.0,2.2396478133666458,20.369104385375977
1.0,27.0,2.2396478133666458,20.672800302505493
1.0,28.0,2.2396478133666458,20.790791034698486
1.0,29.0,2.2396478133666458,20.54268741607666
1.0,30.0,2.2396478133666458,20.48620295524597
1.0,31.0,2.2396478133666458,20.414902448654175
1.0,32.0,2.2396478133666458,20.368449211120605
1.0,33.0,2.2396478133666458,20.83532476425171
1.0,34.0,2.2396478133666458,20.46534299850464
1.0,35.0,2.2367801511431136,20.68034052848816
1.0,36.0,2.2367801511431136,20.320422410964966
1.0,37.0,2.2367801511431136,20.45569372177124
1.0,38.0,2.2367801511431136,20.614975452423096
1.0,39.0,2.2367801511431136,20.736896991729736
1.0,40.0,2.2367801511431136,20.42315983772278
1.0,41.0,2.2367801511431136,20.032135248184204
1.0,42.0,2.2367801511431136,20.853585481643677
1.0,43.0,2.2358101252972182,20.935826539993286
1.0,44.0,2.2358101252972182,20.498355865478516
1.0,45.0,2.2358101252972182,20.583070039749146
1.0,46.0,2.2358101252972182,20.041302919387817
1.0,47.0,2.2358101252972182,20.381568670272827
1.0,48.0,2.18898201234116,20.500499486923218
1.0,49.0,2.142899752839554,20.22197151184082
1.0,50.0,2.142899752839554,21.01618003845215
1.0,51.0,2.1021956093285787,21.034725666046143
1.0,52.0,2.1021956093285787,20.93620228767395
1.0,53.0,2.1021956093285787,20.388791799545288
1.0,54.0,2.1021956093285787,20.760188102722168
1.0,55.0,2.1021956093285787,20.524072408676147
1.0,56.0,2.1021956093285787,20.83266854286194
1.0,57.0,2.1021956093285787,20.683011531829834
1.0,58.0,2.1021956093285787,20.69018054008484
1.0,59.0,2.1021956093285787,20.551376342773438
1.0,60.0,2.1021956093285787,20.405277490615845
1.0,61.0,2.1021956093285787,20.743468284606934
1.0,62.0,2.1021956093285787,20.690019369125366
1.0,63.0,2.1021956093285787,20.617812871932983
1.0,64.0,2.1021956093285787,20.43608808517456
1.0,65.0,2.1021956093285787,20.843830108642578
1.0,66.0,2.1021956093285787,20.688218355178833
1.0,67.0,2.1021956093285787,20.514119148254395
1.0,68.0,2.1021956093285787,20.51505708694458
1.0,69.0,2.1021956093285787,20.36241388320923
1.0,70.0,2.1021956093285787,20.60292935371399
1.0,71.0,2.1021956093285787,20.36877465248108
1.0,72.0,2.1021956093285787,20.507473945617676
1.0,73.0,2.1021956093285787,20.901714324951172
1.0,74.0,2.1021956093285787,20.54849910736084
1.0,75.0,2.1021956093285787,20.821821212768555
1.0,76.0,2.1021956093285787,20.400850772857666
1.0,77.0,2.1021956093285787,20.37078094482422
1.0,78.0,2.1021956093285787,20.459189653396606
1.0,79.0,2.1021956093285787,20.731156826019287
1.0,80.0,2.1021956093285787,20.277245044708252
1.0,81.0,2.1021956093285787,20.47018337249756
1.0,82.0,2.1021956093285787,20.50374937057495
1.0,83.0,2.1021956093285787,20.45336151123047
1.0,84.0,2.1021956093285787,20.849318742752075
1.0,85.0,2.1021956093285787,20.403685092926025
1.0,86.0,2.1021956093285787,20.840996742248535
1.0,87.0,2.1021956093285787,20.754578828811646
1.0,88.0,2.1021956093285787,21.131117343902588
1.0,89.0,2.1021956093285787,21.109107732772827
1.0,90.0,2.1021956093285787,20.666757106781006
1.0,91.0,2.1021956093285787,20.68926191329956
1.0,92.0,2.1021956093285787,20.150447845458984
1.0,93.0,2.1021956093285787,20.25275945663452
1.0,94.0,2.1021956093285787,20.694376230239868
1.0,95.0,2.1021956093285787,20.392777919769287
1.0,96.0,2.1021956093285787,20.116835832595825
1.0,97.0,2.1021956093285787,20.402571201324463
1.0,98.0,2.1021956093285787,20.586944818496704
1.0,99.0,2.1021956093285787,20.49063539505005
1.0,100.0,2.1021956093285787,19.965282917022705
2.0,1.0,2.805857686208739,18.27806258201599
2.0,2.0,2.7976408879877654,20.669761657714844
2.0,3.0,2.7976408879877654,20.479843378067017
2.0,4.0,2.774624349087135,20.431288719177246
2.0,5.0,2.774624349087135,20.829564571380615
2.0,6.0,2.774624349087135,20.577906370162964
2.0,7.0,2.774615037057825,20.038206100463867
2.0,8.0,2.728563335197944,20.075440406799316
2.0,9.0,2.717262986215138,20.509321928024292
2.0,10.0,2.628117476832325,20.09740900993347
2.0,11.0,2.5944654423083375,21.00276494026184
2.0,12.0,2.5944654423083375,20.878853797912598
2.0,13.0,2.442445458178652,20.265482425689697
2.0,14.0,2.442445458178652,20.690523862838745
2.0,15.0,2.442445458178652,20.097858428955078
2.0,16.0,2.442445458178652,20.838663816452026
2.0,17.0,2.442445458178652,21.927729606628418
2.0,18.0,2.442445458178652,20.725412130355835
2.0,19.0,2.442445458178652,20.636250019073486
2.0,20.0,2.442445458178652,20.668601751327515
2.0,21.0,2.442445458178652,20.95209765434265
2.0,22.0,2.4292272884532835,20.91370391845703
2.0,23.0,2.406201424796336,20.661857843399048
2.0,24.0,2.406201424796336,21.036911010742188
2.0,25.0,2.406201424796336,21.013582229614258
2.0,26.0,2.3371276511394736,20.670434951782227
2.0,27.0,2.3371276511394736,20.727522611618042
2.0,28.0,2.3371276511394736,20.71749448776245
2.0,29.0,2.2242164937580697,20.55593991279602
2.0,30.0,2.2242164937580697,20.41585063934326
2.0,31.0,2.2242164937580697,20.518408060073853
2.0,32.0,2.2242164937580697,20.48528289794922
2.0,33.0,2.2242164937580697,20.88640809059143
2.0,34.0,2.2242164937580697,20.61975359916687
2.0,35.0,2.2242164937580697,20.49783205986023
2.0,36.0,2.2242164937580697,20.75892686843872
2.0,37.0,2.2242164937580697,20.856035232543945
2.0,38.0,2.2242164937580697,20.840383768081665
2.0,39.0,2.2242164937580697,20.6587131023407
2.0,40.0,2.2242164937580697,20.298329830169678
2.0,41.0,2.2242164937580697,20.770034074783325
2.0,42.0,2.2242164937580697,20.491772413253784
2.0,43.0,2.2067572882358872,20.395654678344727
2.0,44.0,2.1899848706720655,20.48792266845703
2.0,45.0,2.187455838344343,20.435717821121216
2.0,46.0,2.187455838344343,20.273694276809692
2.0,47.0,2.187455838344343,20.31962752342224
2.0,48.0,2.1556722726256523,20.627501964569092
2.0,49.0,2.1556722726256523,20.450814723968506
2.0,50.0,2.1556722726256523,22.56439185142517
2.0,51.0,2.1556722726256523,21.22188925743103
2.0,52.0,2.1556722726256523,20.833251237869263
2.0,53.0,2.1556722726256523,20.441423654556274
2.0,54.0,2.1556722726256523,20.74828338623047
2.0,55.0,2.1556722726256523,21.00484561920166
2.0,56.0,2.1556722726256523,20.19819402694702
2.0,57.0,2.1556722726256523,20.592461824417114
2.0,58.0,2.1556722726256523,20.36918544769287
2.0,59.0,2.1556722726256523,20.39815068244934
2.0,60.0,2.1556722726256523,20.45624327659607
2.0,61.0,2.1556722726256523,20.868124961853027
2.0,62.0,2.1556722726256523,20.974735498428345
2.0,63.0,2.1556722726256523,20.46067190170288
2.0,64.0,2.1556722726256523,20.79998278617859
2.0,65.0,2.1556722726256523,20.970831632614136
2.0,66.0,2.1556722726256523,20.747316598892212
2.0,67.0,2.1556722726256523,20.417481660842896
2.0,68.0,2.1556722726256523,21.687216997146606
2.0,69.0,2.1556722726256523,20.519153594970703
2.0,70.0,2.1556722726256523,20.621343851089478
2.0,71.0,2.1556722726256523,20.704029321670532
2.0,72.0,2.1556722726256523,20.455925941467285
2.0,73.0,2.1556722726256523,20.37088918685913
2.0,74.0,2.1556722726256523,20.676506519317627
2.0,75.0,2.1556722726256523,20.19955849647522
2.0,76.0,2.1556722726256523,20.477002143859863
2.0,77.0,2.1556722726256523,20.380961418151855
2.0,78.0,2.1556722726256523,20.572708129882812
2.0,79.0,2.1556722726256523,20.51000738143921
2.0,80.0,2.1556722726256523,20.34765362739563
2.0,81.0,2.1556722726256523,20.419174671173096
2.0,82.0,2.1556722726256523,20.437397956848145
2.0,83.0,2.1556722726256523,20.313275575637817
2.0,84.0,2.1556722726256523,20.596733331680298
2.0,85.0,2.1556722726256523,20.559995889663696
2.0,86.0,2.1556722726256523,20.4169340133667
2.0,87.0,2.1556722726256523,20.89006733894348
2.0,88.0,2.1556722726256523,20.531091928482056
2.0,89.0,2.1556722726256523,20.575756072998047
2.0,90.0,2.1556722726256523,20.089588165283203
2.0,91.0,2.1556722726256523,19.99525284767151
2.0,92.0,2.1556722726256523,20.11628270149231
2.0,93.0,2.1556722726256523,20.554205656051636
2.0,94.0,2.1556722726256523,20.71683979034424
2.0,95.0,2.1556722726256523,20.159047842025757
2.0,96.0,2.1556722726256523,20.26578950881958
2.0,97.0,2.1556722726256523,20.116905212402344
2.0,98.0,2.1556722726256523,20.489716053009033
2.0,99.0,2.1556722726256523,20.267996788024902
2.0,100.0,2.1556722726256523,19.759639024734497
11.0,1.0,2.779754104668769,19.2402503490448
11.0,2.0,2.779754104668769,20.488565921783447
11.0,3.0,2.779754104668769,20.568915843963623
11.0,4.0,2.779754104668769,20.481205463409424
11.0,5.0,2.774615037057825,20.916213750839233
11.0,6.0,2.774615037057825,21.17418360710144
11.0,7.0,2.7192204626909127,20.350194454193115
11.0,8.0,2.7192204626909127,20.654417514801025
11.0,9.0,2.7192204626909127,20.487281560897827
11.0,10.0,2.7192204626909127,20.75336790084839
11.0,11.0,2.5703220777744105,21.430355310440063
11.0,12.0,2.5703220777744105,20.830957651138306
11.0,13.0,2.5703220777744105,20.520630359649658
11.0,14.0,2.5703220777744105,20.691588640213013
11.0,15.0,2.5703220777744105,20.719395637512207
11.0,16.0,2.5703220777744105,20.335424184799194
11.0,17.0,2.469715400323171,21.010644912719727
11.0,18.0,2.4560907658604347,20.60265851020813
11.0,19.0,2.310260376637359,20.482428789138794
11.0,20.0,2.255498338718073,20.8530912399292
11.0,21.0,2.255498338718073,20.63320541381836
11.0,22.0,2.255498338718073,20.498774766921997
11.0,23.0,2.255498338718073,21.1721613407135
11.0,24.0,2.255498338718073,20.715452909469604
11.0,25.0,2.2304374267468985,21.197579622268677
11.0,26.0,2.2304374267468985,20.654123783111572
11.0,27.0,2.2304374267468985,20.699252128601074
11.0,28.0,2.2304374267468985,20.3754301071167
11.0,29.0,2.2304374267468985,20.58901882171631
11.0,30.0,2.2304374267468985,20.23836898803711
11.0,31.0,2.2304374267468985,20.44393515586853
11.0,32.0,2.2304374267468985,20.72779631614685
11.0,33.0,2.2074115758169586,20.472400903701782
11.0,34.0,2.2074115758169586,20.44482183456421
11.0,35.0,2.2074115758169586,20.290935277938843
11.0,36.0,2.2012713489023077,20.556746244430542
11.0,37.0,2.1809803789914093,20.513386249542236
11.0,38.0,2.096155383982695,20.429922103881836
11.0,39.0,2.096155383982695,20.550960063934326
11.0,40.0,2.0910970421301007,20.644080638885498
11.0,41.0,2.0362527505710677,20.56981348991394
11.0,42.0,2.0362527505710677,20.820192098617554
11.0,43.0,2.011917005242666,20.74304723739624
11.0,44.0,1.9925036338041806,20.926523685455322
11.0,45.0,1.9001101214929446,20.866393566131592
11.0,46.0,1.8758393224258156,20.419320344924927
11.0,47.0,1.8743042656971531,20.317102193832397
11.0,48.0,1.8743042656971531,20.41274094581604
11.0,49.0,1.8743042656971531,20.667652130126953
11.0,50.0,1.796767328866371,21.69661045074463
11.0,51.0,1.796767328866371,20.814463138580322
11.0,52.0,1.776828163427072,20.367491483688354
11.0,53.0,1.7568724259546673,20.29618215560913
11.0,54.0,1.7568724259546673,20.769497394561768
11.0,55.0,1.7380271613884748,20.580545902252197
11.0,56.0,1.711588252458907,20.503021478652954
11.0,57.0,1.511145530068663,20.93120002746582
11.0,58.0,1.492075140260146,20.723137140274048
11.0,59.0,1.4490935518577528,20.49721884727478
11.0,60.0,1.4168573605556694,20.2934672832489
11.0,61.0,1.3723407154244511,20.721532583236694
11.0,62.0,1.31394678052301,20.424986362457275
11.0,63.0,1.2867777321481666,20.335156202316284
11.0,64.0,1.2867777321481666,20.678747177124023
11.0,65.0,1.235720703000268,20.375702619552612
11.0,66.0,1.235720703000268,20.11702275276184
11.0,67.0,1.182761209434608,20.871773719787598
11.0,68.0,1.182761209434608,21.482681035995483
11.0,69.0,1.102931910504118,20.720990896224976
11.0,70.0,1.102931910504118,20.308467626571655
11.0,71.0,1.0991006177224911,20.41479182243347
11.0,72.0,1.0975655609938284,20.57547640800476
11.0,73.0,1.0837500504358641,20.69688606262207
11.0,74.0,1.056886557684267,20.689438819885254
11.0,75.0,1.007764742367253,20.905912160873413
11.0,76.0,1.007764742367253,20.808552742004395
11.0,77.0,1.007764742367253,21.116251230239868
11.0,78.0,1.007764742367253,20.5153911113739
11.0,79.0,1.007764742367253,20.579790353775024
11.0,80.0,1.007764742367253,20.482417583465576
11.0,81.0,1.007764742367253,21.003602504730225
11.0,82.0,1.007764742367253,20.51996946334839
11.0,83.0,1.0077647423670606,20.53620409965515
11.0,84.0,0.9847388914371201,20.497812271118164
11.0,85.0,0.9847388914371201,20.151848077774048
11.0,86.0,0.9755285510651439,22.0552716255188
11.0,87.0,0.9755285510651439,20.648362398147583
11.0,88.0,0.9394547179903178,21.37048888206482
11.0,89.0,0.9394547179903178,20.4806866645813
11.0,90.0,0.9394547179903178,20.284218072891235
11.0,91.0,0.9394547179903178,20.10602903366089
11.0,92.0,0.9256392073836063,20.182003021240234
11.0,93.0,0.9256392073836063,20.46011972427368
11.0,94.0,0.9256392073836063,20.663468837738037
11.0,95.0,0.9256392073836063,20.063969373703003
11.0,96.0,0.9256392073836063,20.6533420085907
11.0,97.0,0.9256392073836063,20.684864282608032
11.0,98.0,0.9256392073836063,20.72233772277832
11.0,99.0,0.9256392073836063,20.60429859161377
11.0,100.0,0.9256392073836063,18.06715202331543
3.0,1.0,2.791627648773556,19.4499933719635
3.0,2.0,2.791627648773556,20.71951985359192
3.0,3.0,2.791627648773556,20.444600582122803
3.0,4.0,2.791627648773556,20.44426679611206
3.0,5.0,2.791627648773556,20.674571752548218
3.0,6.0,2.791627648773556,20.97701406478882
3.0,7.0,2.682511633338063,20.717143535614014
3.0,8.0,2.682511633338063,20.712672472000122
3.0,9.0,2.682511633338063,20.43770980834961
3.0,10.0,2.682511633338063,20.505290031433105
3.0,11.0,2.682511633338063,21.234323978424072
3.0,12.0,2.682511633338063,20.328381299972534
3.0,13.0,2.682511633338063,20.53988242149353
3.0,14.0,2.682511633338063,20.140548706054688
3.0,15.0,2.682511633338063,20.897345542907715
3.0,16.0,2.682511633338063,20.654471158981323
3.0,17.0,2.659485782408123,20.764044284820557
3.0,18.0,2.578895304153331,20.88116955757141
3.0,19.0,2.578895304153331,20.69728946685791
3.0,20.0,2.578895304153331,20.699424266815186
3.0,21.0,2.578895304153331,20.69896364212036
3.0,22.0,2.5328436022934504,20.81478714942932
3.0,23.0,2.5328436022934504,20.816184997558594
3.0,24.0,2.5328436022934504,20.771424293518066
3.0,25.0,2.5098177513635096,21.360746383666992
3.0,26.0,2.475278974968599,20.778027772903442
3.0,27.0,2.475278974968599,20.715797185897827
3.0,28.0,2.475278974968599,20.805251359939575
3.0,29.0,2.475278974968599,20.498273372650146
3.0,30.0,2.4511764079135916,20.60332942008972
3.0,31.0,2.4511764079135916,20.460912466049194
3.0,32.0,2.4511764079135916,20.493072271347046
3.0,33.0,2.4062014221787775,20.696605920791626
3.0,34.0,2.4062014221787775,20.69202995300293
3.0,35.0,2.4062014221787775,20.4560329914093
3.0,36.0,2.4062014221787775,20.731866121292114
3.0,37.0,2.4062014221787775,20.541148900985718
3.0,38.0,2.394688496713808,21.041069269180298
3.0,39.0,2.394688496713808,20.539121627807617
3.0,40.0,2.394688496713808,20.750678539276123
3.0,41.0,2.387189778958188,20.555198907852173
3.0,42.0,2.387189778958188,20.422096252441406
3.0,43.0,2.387189778958188,20.44350790977478
3.0,44.0,2.360149720318897,20.710983991622925
3.0,45.0,2.360149720318897,20.475545644760132
3.0,46.0,2.314098018459016,20.553544282913208
3.0,47.0,2.314098018459016,21.11284589767456
3.0,48.0,2.314098018459016,20.663423776626587
3.0,49.0,2.314098018459016,20.743649005889893
3.0,50.0,2.314098018459016,23.326658725738525
3.0,51.0,2.314098018459016,20.65210270881653
3.0,52.0,2.3025850929940455,20.652302980422974
3.0,53.0,2.3025850929940455,20.827242374420166
3.0,54.0,2.268046316599135,20.81192684173584
3.0,55.0,2.2565333911341647,20.583083868026733
3.0,56.0,2.245020465669194,20.502682209014893
3.0,57.0,2.245020465669194,20.2939031124115
3.0,58.0,2.245020465669194,20.82952332496643
3.0,59.0,2.245020465669194,20.64067554473877
3.0,60.0,2.2104816892742836,20.380287170410156
3.0,61.0,2.2104816892742836,20.971237421035767
3.0,62.0,2.2104816892742836,21.19639778137207
3.0,63.0,2.2104816892742836,19.99836754798889
3.0,64.0,2.187455838344343,20.603403091430664
3.0,65.0,2.187455838344343,20.549518585205078
3.0,66.0,2.187455838344343,21.00016498565674
3.0,67.0,2.1444684863477863,20.483360767364502
3.0,68.0,2.1298912110194923,21.06259512901306
3.0,69.0,2.1298912110194923,20.872108697891235
3.0,70.0,2.1068660251295803,20.331801414489746
3.0,71.0,2.1068660251295803,20.375975370407104
3.0,72.0,2.1068660251295803,20.31089949607849
3.0,73.0,2.1068660251295803,20.339999198913574
3.0,74.0,2.083839509159611,21.071258068084717
3.0,75.0,2.0608136582296708,20.646353244781494
3.0,76.0,2.0608136582296708,20.37847065925598
3.0,77.0,2.0608136582296708,20.65286087989807
3.0,78.0,2.0493007327647006,20.56042718887329
3.0,79.0,2.0493007327647006,20.201653718948364
3.0,80.0,2.0377878072997304,20.95165705680847
3.0,81.0,2.0377878072997304,20.197176456451416
3.0,82.0,2.0377878072997304,20.2555570602417
3.0,83.0,2.0377878072997304,20.26122522354126
3.0,84.0,2.0377878072997304,20.34674382209778
3.0,85.0,2.0377878072997304,21.022061109542847
3.0,86.0,2.0377878072997304,20.68859577178955
3.0,87.0,2.0317441893525916,20.94719409942627
3.0,88.0,2.0317441893525916,20.414039850234985
3.0,89.0,2.0317441893525916,20.655606031417847
3.0,90.0,1.9940448833191238,20.309733867645264
3.0,91.0,1.9940448833191238,20.69772982597351
3.0,92.0,1.9940448833191238,20.708359241485596
3.0,93.0,1.9940448833191238,20.54935646057129
3.0,94.0,1.9917361054398495,20.26165246963501
3.0,95.0,1.9917361054398495,20.810390949249268
3.0,96.0,1.980223179974879,20.448500633239746
3.0,97.0,1.980223179974879,20.565999507904053
3.0,98.0,1.980223179974879,20.904866695404053
3.0,99.0,1.980223179974879,20.600637197494507
3.0,100.0,1.980223179974879,16.428632259368896
14.0,1.0,2.733379469702433,11.275192260742188
14.0,2.0,2.733379469702433,10.070847749710083
14.0,3.0,2.5214698116530005,9.769366025924683
14.0,4.0,2.5214698116530005,9.372737169265747
14.0,5.0,2.5214698116530005,9.295096397399902
14.0,6.0,2.5214698116530005,9.404217004776001
14.0,7.0,2.5214698116530005,9.494227886199951
14.0,8.0,2.5066868177628696,9.112445592880249
14.0,9.0,2.5066868177628696,9.043750047683716
14.0,10.0,2.475278974968599,9.223905086517334
14.0,11.0,2.475278974968599,9.066630601882935
14.0,12.0,2.475278974968599,9.137840032577515
14.0,13.0,2.4522531240386587,9.16126799583435
14.0,14.0,2.437320756987492,9.181482791900635
14.0,15.0,2.437320756987492,9.088926076889038
14.0,16.0,2.3601497214405813,9.080367088317871
14.0,17.0,2.3601497214405813,9.202626705169678
14.0,18.0,2.3601497214405813,9.14037799835205
14.0,19.0,2.3601497214405813,9.400965690612793
14.0,20.0,2.3601497214405813,9.392565965652466
14.0,21.0,2.3601497214405813,9.058974742889404
14.0,22.0,2.3601497214405813,9.12805461883545
14.0,23.0,2.3601497214405813,9.300698041915894
14.0,24.0,2.3601497214405813,9.339002847671509
14.0,25.0,2.3601497214405813,9.538453340530396
14.0,26.0,2.3601497214405813,9.180716276168823
14.0,27.0,2.3601497214405813,9.153307676315308
14.0,28.0,2.3601497214405813,9.166781663894653
14.0,29.0,2.3601497214405813,9.21408748626709
14.0,30.0,2.3601497214405813,9.24288296699524
14.0,31.0,2.3601497214405813,9.703667402267456
14.0,32.0,2.3601497214405813,9.180769205093384
14.0,33.0,2.3601497214405813,9.127347230911255
14.0,34.0,2.3601497214405813,9.060616731643677
14.0,35.0,2.341924778716264,9.234203100204468
14.0,36.0,2.341924778716264,9.321471929550171
14.0,37.0,2.341924778716264,9.172122716903687
14.0,38.0,2.341924778716264,9.076866388320923
14.0,39.0,2.341924778716264,9.084433317184448
14.0,40.0,2.341924778716264,9.077984809875488
14.0,41.0,2.341924778716264,9.072599649429321
14.0,42.0,2.341924778716264,9.13434100151062
14.0,43.0,2.341924778716264,9.194530010223389
14.0,44.0,2.341924778716264,9.25558853149414
14.0,45.0,2.3380442134180752,9.086829662322998
14.0,46.0,2.3380442134180752,9.229994058609009
14.0,47.0,2.3380442134180752,9.172685146331787
14.0,48.0,2.3151183079081745,9.132681608200073
14.0,49.0,2.3151183079081745,9.103506565093994
14.0,50.0,2.3025850929940455,9.047439336776733
14.0,51.0,2.3025850929940455,9.205792903900146
14.0,52.0,2.3025850929940455,9.261700630187988
14.0,53.0,2.3025850929940455,9.098383903503418
14.0,54.0,2.2915761200063636,9.202353477478027
14.0,55.0,2.256533392375015,9.29743218421936
14.0,56.0,2.256533392375015,9.098719835281372
14.0,57.0,2.256533392375015,9.262409925460815
14.0,58.0,2.215021238198415,9.27188491821289
14.0,59.0,2.215021238198415,9.055214643478394
14.0,60.0,2.215021238198415,9.139695405960083
14.0,61.0,2.215021238198415,9.121983766555786
14.0,62.0,2.2104816892742836,9.177574634552002
14.0,63.0,2.2104816892742836,10.638593196868896
14.0,64.0,2.2104816892742836,9.369665384292603
14.0,65.0,2.183429229723823,9.21795654296875
14.0,66.0,2.183429229723823,9.143322944641113
14.0,67.0,2.183429229723823,9.116746664047241
14.0,68.0,2.183429229723823,9.174725532531738
14.0,69.0,2.183429229723823,9.209222078323364
14.0,70.0,2.183429229723823,9.5216064453125
14.0,71.0,2.183429229723823,9.118208169937134
14.0,72.0,2.183429229723823,9.195437669754028
14.0,73.0,2.183429229723823,9.121829748153687
14.0,74.0,2.183429229723823,9.333330869674683
14.0,75.0,2.183429229723823,9.018177509307861
14.0,76.0,2.183429229723823,9.167184829711914
14.0,77.0,2.183429229723823,9.0973641872406
14.0,78.0,2.183429229723823,9.154937028884888
14.0,79.0,2.183429229723823,9.124892950057983
14.0,80.0,2.1825914354769593,9.100332736968994
14.0,81.0,2.1825914354769593,9.230136632919312
14.0,82.0,2.1825914354769593,9.24038815498352
14.0,83.0,2.1825914354769593,9.035932064056396
14.0,84.0,2.1825914354769593,9.088585138320923
14.0,85.0,2.1825914354769593,9.21870470046997
14.0,86.0,2.1825914354769593,9.198455572128296
14.0,87.0,2.1825914354769593,9.18198299407959
14.0,88.0,2.1825914354769593,9.078748941421509
14.0,89.0,2.1825914354769593,9.295846223831177
14.0,90.0,2.1825914354769593,9.233323335647583
14.0,91.0,2.17594291652472,9.30490517616272
14.0,92.0,2.141404136484462,9.082064628601074
14.0,93.0,2.115247701142932,9.180776596069336
14.0,94.0,2.104802571576347,9.157746076583862
14.0,95.0,2.104802571576347,9.219602823257446
14.0,96.0,2.0967573299329954,9.159586191177368
14.0,97.0,2.0735960255284214,9.103572130203247
14.0,98.0,2.0735960255284214,9.220190048217773
14.0,99.0,2.0262748818347602,9.073829174041748
14.0,100.0,2.0262748818347602,9.101289987564087
13.0,1.0,2.7994034971442514,10.92275094985962
13.0,2.0,2.7994034971442514,9.97455644607544
13.0,3.0,2.7994034971442514,10.004225254058838
13.0,4.0,2.7994034971442514,9.26989459991455
13.0,5.0,2.7515891861278847,9.168356657028198
13.0,6.0,2.729567895006426,9.409352779388428
13.0,7.0,2.729567895006426,9.430018424987793
13.0,8.0,2.729567895006426,9.231754302978516
13.0,9.0,2.729567895006426,9.15149474143982
13.0,10.0,2.607092135976418,9.195627450942993
13.0,11.0,2.585891439715437,9.145976305007935
13.0,12.0,2.5397577091933425,9.093598127365112
13.0,13.0,2.4491172685403018,9.112391948699951
13.0,14.0,2.417714347643748,9.131895542144775
13.0,15.0,2.417714347643748,9.157988548278809
13.0,16.0,2.417714347643748,9.129001140594482
13.0,17.0,2.417714347643748,9.412016153335571
13.0,18.0,2.337123869388956,9.084794521331787
13.0,19.0,2.337123869388956,9.93159294128418
13.0,20.0,2.337123869388956,9.295551776885986
13.0,21.0,2.3140980184907973,9.156618118286133
13.0,22.0,2.268046316599135,9.255385875701904
13.0,23.0,2.268046316599135,9.225061655044556
13.0,24.0,2.268046316599135,9.164816617965698
13.0,25.0,2.245020465669194,9.25622296333313
13.0,26.0,2.245020465669194,9.142556428909302
13.0,27.0,2.245020465669194,9.244607925415039
13.0,28.0,2.245020465669194,9.19641375541687
13.0,29.0,2.1759429128793735,9.295109510421753
13.0,30.0,2.1465547900881052,9.110312223434448
13.0,31.0,2.1414041364844625,9.293964624404907
13.0,32.0,2.1068653600895515,9.242929935455322
13.0,33.0,2.1068653600895515,9.167441606521606
13.0,34.0,2.1068653600895515,9.105220556259155
13.0,35.0,2.083839509190893,9.206811904907227
13.0,36.0,2.072326583694641,9.399026155471802
13.0,37.0,2.072326583694641,9.31089973449707
13.0,38.0,1.9907497273348114,9.154855728149414
13.0,39.0,1.9907497273348114,9.239529609680176
13.0,40.0,1.9907497273348114,9.183880090713501
13.0,41.0,1.9907497273348114,9.136796712875366
13.0,42.0,1.9907497273348114,9.166642189025879
13.0,43.0,1.9907497273348114,9.144816398620605
13.0,44.0,1.9907497273348114,9.280653238296509
13.0,45.0,1.9907497273348114,9.1121084690094
13.0,46.0,1.9907497273348114,9.155687093734741
13.0,47.0,1.9907497273348114,9.13761019706726
13.0,48.0,1.9907497273348114,9.134549617767334
13.0,49.0,1.9907497273348114,9.109554529190063
13.0,50.0,1.9907497273348114,9.092506885528564
13.0,51.0,1.9907497273348114,9.23599624633789
13.0,52.0,1.9907497273348114,9.34424114227295
13.0,53.0,1.9907497273348114,9.221597671508789
13.0,54.0,1.9907497273348114,9.154444217681885
13.0,55.0,1.9907497273348114,9.238727807998657
13.0,56.0,1.968710254509909,9.158792734146118
13.0,57.0,1.968710254509909,9.195912837982178
13.0,58.0,1.968710254509909,9.26607871055603
13.0,59.0,1.968710254509909,9.127322673797607
13.0,60.0,1.968710254509909,9.159325122833252
13.0,61.0,1.968710254509909,9.190735816955566
13.0,62.0,1.968710254509909,9.311700344085693
13.0,63.0,1.968710254509909,10.648932695388794
13.0,64.0,1.968710254509909,9.212801218032837
13.0,65.0,1.968710254509909,9.259278059005737
13.0,66.0,1.968710254509909,9.1085524559021
13.0,67.0,1.968710254509909,9.262175559997559
13.0,68.0,1.968710254509909,9.100444793701172
13.0,69.0,1.968710254509909,9.069265604019165
13.0,70.0,1.968710254509909,9.101611375808716
13.0,71.0,1.968710254509909,9.173527956008911
13.0,72.0,1.968710254509909,9.36958122253418
13.0,73.0,1.968710254509909,9.156320333480835
13.0,74.0,1.968710254509909,9.272712707519531
13.0,75.0,1.968710254509909,9.142436981201172
13.0,76.0,1.968710254509909,9.199597120285034
13.0,77.0,1.968710254509909,9.157727479934692
13.0,78.0,1.968710254509909,9.237526655197144
13.0,79.0,1.968710254509909,9.263236045837402
13.0,80.0,1.968710254509909,9.126005172729492
13.0,81.0,1.968710254509909,9.103728294372559
13.0,82.0,1.968710254509909,9.070574045181274
13.0,83.0,1.968710254509909,9.148215055465698
13.0,84.0,1.968710254509909,9.031873226165771
13.0,85.0,1.968710254509909,9.268418312072754
13.0,86.0,1.968710254509909,9.107409238815308
13.0,87.0,1.968710254509909,9.165025472640991
13.0,88.0,1.968710254509909,9.09685206413269
13.0,89.0,1.968710254509909,9.27244758605957
13.0,90.0,1.968710254509909,9.27672028541565
13.0,91.0,1.968710254509909,9.14687180519104
13.0,92.0,1.968710254509909,9.177286863327026
13.0,93.0,1.968710254509909,9.093106746673584
13.0,94.0,1.968710254509909,9.207740306854248
13.0,95.0,1.968710254509909,9.886282205581665
13.0,96.0,1.968710254509909,9.091770648956299
13.0,97.0,1.968710254509909,9.169123888015747
13.0,98.0,1.968710254509909,9.193220853805542
13.0,99.0,1.968710254509909,9.114648818969727
13.0,100.0,1.968710254509909,9.120682001113892
16.0,1.0,2.7533019622340618,10.100200891494751
16.0,2.0,2.6978332702027896,10.009248495101929
16.0,3.0,2.6978332702027896,9.84992790222168
16.0,4.0,2.6773052042747403,9.269325256347656
16.0,5.0,2.6773052042747403,9.196863889694214
16.0,6.0,2.626924416193419,9.183797597885132
16.0,7.0,2.5443721056567954,9.343164205551147
16.0,8.0,2.5443721056567954,9.03885269165039
16.0,9.0,2.5443721056567954,9.14064908027649
16.0,10.0,2.36022939744263,9.240131139755249
16.0,11.0,2.36022939744263,9.130723237991333
16.0,12.0,2.36022939744263,9.193046569824219
16.0,13.0,2.36022939744263,9.197380542755127
16.0,14.0,2.36022939744263,9.314065933227539
16.0,15.0,2.36022939744263,9.170797109603882
16.0,16.0,2.36022939744263,9.305757761001587
16.0,17.0,2.221537169171854,9.223811149597168
16.0,18.0,2.221537169171854,9.255305528640747
16.0,19.0,2.221537169171854,9.806716680526733
16.0,20.0,2.221537169171854,9.177812099456787
16.0,21.0,2.221537169171854,9.08975625038147
16.0,22.0,2.221537169171854,9.026009321212769
16.0,23.0,2.221537169171854,9.281553983688354
16.0,24.0,2.221537169171854,9.472318410873413
16.0,25.0,2.221537169171854,9.445872068405151
16.0,26.0,2.221537169171854,9.095314741134644
16.0,27.0,2.221537169171854,9.078225135803223
16.0,28.0,2.221537169171854,9.29953908920288
16.0,29.0,2.221537169171854,9.114529371261597
16.0,30.0,2.221537169171854,9.190629005432129
16.0,31.0,2.221537169171854,9.320469379425049
16.0,32.0,2.221537169171854,9.261366367340088
16.0,33.0,2.221537169171854,9.206745386123657
16.0,34.0,2.2116904917678646,9.233643293380737
16.0,35.0,2.2116904917678646,9.464940547943115
16.0,36.0,2.2116904917678646,9.302445411682129
16.0,37.0,2.2116904917678646,9.248009204864502
16.0,38.0,2.2116904917678646,9.08472490310669
16.0,39.0,2.2116904917678646,9.064101934432983
16.0,40.0,2.2116904917678646,9.050575733184814
16.0,41.0,2.2116904917678646,9.26194453239441
16.0,42.0,2.2116904917678646,9.032734394073486
16.0,43.0,2.2116904917678646,9.155653238296509
16.0,44.0,2.1989687638093134,9.205588817596436
16.0,45.0,2.1989687638093134,9.120804786682129
16.0,46.0,2.1989687638093134,9.337055206298828
16.0,47.0,2.16651037597707,9.136099338531494
16.0,48.0,2.16651037597707,9.058106422424316
16.0,49.0,2.16651037597707,9.184117078781128
16.0,50.0,2.16651037597707,9.17371654510498
16.0,51.0,2.1334538680183655,10.1947340965271
16.0,52.0,2.1334538680183655,9.467787504196167
16.0,53.0,2.1334538680183655,9.097985029220581
16.0,54.0,2.1334538680183655,9.128227472305298
16.0,55.0,2.1334538680183655,9.464536666870117
16.0,56.0,2.1334538680183655,9.433170557022095
16.0,57.0,2.1334538680183655,9.205138206481934
16.0,58.0,2.1334538680183655,9.224223613739014
16.0,59.0,2.1334538680183655,9.10484528541565
16.0,60.0,2.1334538680183655,9.127001762390137
16.0,61.0,2.1334538680183655,9.206721544265747
16.0,62.0,2.1334538680183655,9.25977349281311
16.0,63.0,2.1334538680183655,10.847485065460205
16.0,64.0,2.1334538680183655,9.233651638031006
16.0,65.0,2.1334538680183655,9.098276138305664
16.0,66.0,2.1334538680183655,9.134079694747925
16.0,67.0,2.1334538680183655,9.012380838394165
16.0,68.0,2.1334538680183655,9.30361819267273
16.0,69.0,2.1334538680183655,9.084173440933228
16.0,70.0,2.1334538680183655,9.505927324295044
16.0,71.0,2.1334538680183655,9.202163219451904
16.0,72.0,2.1334538680183655,9.237213611602783
16.0,73.0,2.1334538680183655,9.211910486221313
16.0,74.0,2.1334538680183655,9.083465814590454
16.0,75.0,2.1334538680183655,9.048213005065918
16.0,76.0,2.129891251648238,9.168416261672974
16.0,77.0,2.129891251648238,9.090479373931885
16.0,78.0,2.129891251648238,9.137779712677002
16.0,79.0,2.129891251648238,9.12980580329895
16.0,80.0,2.129891251648238,9.060612678527832
16.0,81.0,2.129891251648238,9.19038200378418
16.0,82.0,2.129891251648238,9.265287637710571
16.0,83.0,2.129891251648238,9.0840322971344
16.0,84.0,2.129891251648238,9.111884117126465
16.0,85.0,2.129891251648238,9.133552551269531
16.0,86.0,2.129891251648238,9.227161169052124
16.0,87.0,2.129891251648238,9.09020209312439
16.0,88.0,2.129891251648238,9.129148721694946
16.0,89.0,2.129891251648238,9.128232717514038
16.0,90.0,2.129891251648238,9.250288724899292
16.0,91.0,2.129891251648238,9.27502179145813
16.0,92.0,2.129891251648238,9.311293125152588
16.0,93.0,2.129891251648238,9.180414199829102
16.0,94.0,2.129891251648238,9.127639055252075
16.0,95.0,2.129891251648238,9.079686403274536
16.0,96.0,2.129891251648238,9.080224990844727
16.0,97.0,2.129891251648238,9.147218465805054
16.0,98.0,2.129891251648238,9.132794857025146
16.0,99.0,2.129891251648238,9.064650297164917
16.0,100.0,2.129891251648238,9.174495697021484
15.0,1.0,2.8729086234694745,9.848268747329712
15.0,2.0,2.8007891715179065,10.074285984039307
15.0,3.0,2.7840715572627834,9.74234676361084
15.0,4.0,2.7721005244240042,9.34665060043335
15.0,5.0,2.7721005244240042,9.197609186172485
15.0,6.0,2.7497980721994004,9.454195022583008
15.0,7.0,2.7400769458528216,9.238807439804077
15.0,8.0,2.7400769458528216,9.25706148147583
15.0,9.0,2.6019211550832715,9.164381742477417
15.0,10.0,2.6019211550832715,9.20049500465393
15.0,11.0,2.5673823786883605,9.18271780014038
15.0,12.0,2.5673823786883605,9.094485759735107
15.0,13.0,2.5558694532233908,9.231592178344727
15.0,14.0,2.5558694532233908,9.210716009140015
15.0,15.0,2.5558694532233908,9.215715408325195
15.0,16.0,2.5558694532233908,9.343125820159912
15.0,17.0,2.5558694532233908,9.371306896209717
15.0,18.0,2.5558694532233908,9.226460933685303
15.0,19.0,2.5558694532233908,9.395633697509766
15.0,20.0,2.444103143805869,9.43221926689148
15.0,21.0,2.444103143805869,9.225400924682617
15.0,22.0,2.444103143805869,9.116401672363281
15.0,23.0,2.3946884967138073,9.109827518463135
15.0,24.0,2.3946884967138073,9.374180555343628
15.0,25.0,2.3946884967138073,9.342758417129517
15.0,26.0,2.3946884967138073,9.18115520477295
15.0,27.0,2.3946884967138073,9.091864109039307
15.0,28.0,2.3946884967138073,9.333350896835327
15.0,29.0,2.3946884967138073,9.377356767654419
15.0,30.0,2.3946884967138073,9.158371925354004
15.0,31.0,2.3486367948539266,9.732061862945557
15.0,32.0,2.3486367948539266,9.387664556503296
15.0,33.0,2.3371238693889564,9.21138596534729
15.0,34.0,2.314098018459016,9.251926898956299
15.0,35.0,2.2573050586086802,9.253998756408691
15.0,36.0,2.221994614739254,9.341119050979614
15.0,37.0,2.221994614739254,9.133157730102539
15.0,38.0,2.221994614739254,9.262067794799805
15.0,39.0,2.2104816892742836,9.151079654693604
15.0,40.0,2.1989687638093134,9.092482328414917
15.0,41.0,2.1644299874144024,9.359510898590088
15.0,42.0,2.1644299874144024,9.17151141166687
15.0,43.0,2.1644299874144024,9.176887273788452
15.0,44.0,2.1314262677481546,9.245973110198975
15.0,45.0,2.1314262677481546,9.08141803741455
15.0,46.0,2.1314262677481546,9.199065923690796
15.0,47.0,2.1314262677481546,9.293649673461914
15.0,48.0,2.1068653600895515,9.192933797836304
15.0,49.0,2.073094112058972,9.26155686378479
15.0,50.0,2.073094112058972,9.3679518699646
15.0,51.0,2.073094112058972,10.220043182373047
15.0,52.0,2.073094112058972,9.566577196121216
15.0,53.0,2.073094112058972,9.320853233337402
15.0,54.0,2.073094112058972,9.193134784698486
15.0,55.0,2.073094112058972,9.433561325073242
15.0,56.0,2.073094112058972,9.396461009979248
15.0,57.0,2.0615811865940024,9.22095537185669
15.0,58.0,2.0615811865940024,9.28270149230957
15.0,59.0,2.0493007327647006,9.099820852279663
15.0,60.0,2.0493007327647006,9.153975009918213
15.0,61.0,2.00324903090482,9.166606903076172
15.0,62.0,2.00324903090482,9.323808670043945
15.0,63.0,2.00324903090482,10.866453409194946
15.0,64.0,2.00324903090482,9.319432020187378
15.0,65.0,2.00324903090482,9.165646076202393
15.0,66.0,2.0010998010497976,9.32726788520813
15.0,67.0,2.0010998010497976,9.139926433563232
15.0,68.0,1.9694777828742405,9.092471837997437
15.0,69.0,1.9694777828742405,9.32164740562439
15.0,70.0,1.9694777828742402,9.184806108474731
15.0,71.0,1.968710254509909,9.215523719787598
15.0,72.0,1.9234757359207706,9.152148962020874
15.0,73.0,1.9004002300844192,9.25229287147522
15.0,74.0,1.9004002300844192,9.288535356521606
15.0,75.0,1.9004002300844192,9.196700096130371
15.0,76.0,1.900400230084419,9.12585997581482
15.0,77.0,1.900400230084419,9.26457667350769
15.0,78.0,1.876606850790147,9.247090101242065
15.0,79.0,1.876606850790147,9.21538519859314
15.0,80.0,1.876606850790147,9.209024906158447
15.0,81.0,1.796783900899687,9.317855596542358
15.0,82.0,1.796783900899687,9.086697101593018
15.0,83.0,1.796783900899687,9.13882565498352
15.0,84.0,1.796783900899687,9.266399383544922
15.0,85.0,1.796783900899687,9.198771953582764
15.0,86.0,1.796783900899687,9.336702108383179
15.0,87.0,1.796783900899687,9.188438653945923
15.0,88.0,1.796783900899687,9.346976041793823
15.0,89.0,1.7967839008996869,9.063040733337402
15.0,90.0,1.7967839008996869,9.170938968658447
15.0,91.0,1.7967839008996869,9.2623929977417
15.0,92.0,1.7752931066984092,9.133563995361328
15.0,93.0,1.7752931066984092,9.186789274215698
15.0,94.0,1.7752931066984092,9.996191024780273
15.0,95.0,1.7752931066984092,9.213342428207397
15.0,96.0,1.7745255783340779,9.206512451171875
15.0,97.0,1.7737580499697463,9.279181718826294
15.0,98.0,1.762161884236942,9.147013187408447
15.0,99.0,1.7614775961404447,9.177897930145264
15.0,100.0,1.7614775961404447,9.071744918823242
